{

	"AICharacters": [
		
		{
			"Name": "Frederick",
			"CustomName": "",
			"Personality": {

				"Unknown000": 13,
				"Unknown001": 0,
				"Unknown002": 0,
				"Unknown003": 0,
				"Unknown004": 1,
				"Unknown005": 1,
				"CriticalPopularity": 6000,
				"LowestPopularity": 8500,
				"HighestPopularity": 9900,
				"TaxesMin": 3,
				"TaxesMax": 12,
				"Unknown011": 12,
				"Farm1": "WheatFarm",
				"Farm2": "WheatFarm",
				"Farm3": "DairyFarm",
				"Farm4": "WheatFarm",
				"Farm5": "None",
				"Farm6": "None",
				"Farm7": "None",
				"Farm8": "None",
				"PopulationPerFarm": 3,
				"PopulationPerWoodcutter":1,
				"PopulationPerQuarry": 3,
				"PopulationPerIronmine": 5,
				"PopulationPerPitchrig": 0,
				"MaxQuarries": 5,
				"MaxIronmines": 6,
				"MaxWoodcutters": 10,
				"MaxPitchrigs": 0,
				"MaxFarms": 9,
				"BuildInterval": 0,
				"ResourceRebuildDelay": 0,
				"MaxFood": 220,
				"MinimumApples": -1,
				"MinimumCheese": -1,
				"MinimumBread": 5,
				"MinimumWheat": 5,
				"MinimumHop": -1,
				"TradeAmountFood": 10,
				"TradeAmountEquipment": 4,
				"Unknown040": 22,
				"MinimumGoodsRequiredAfterTrade": 5,
				"DoubleRationsFoodThreshold": 999,
				"MaxWood": 50,
				"MaxStone": 43,
				"MaxResourceOther": 14,
				"MaxEquipment": 6,
				"MaxBeer": 0,
				"MaxResourceVariance": 5,
				"RecruitGoldThreshold": 0,
				"BlacksmithSetting": "Swords",
				"FletcherSetting": "Both",
				"PoleturnerSetting": "Pikes",
				"SellResource01": "None",
				"SellResource02": "Hop",
				"SellResource03": "Apples",
				"SellResource04": "Pitch",
				"SellResource05": "None",
				"SellResource06": "None",
				"SellResource07": "None",
				"SellResource08": "None",
				"SellResource09": "None",
				"SellResource10": "Spears",
				"SellResource11": "None",
				"SellResource12": "Beer",
				"SellResource13": "Maces",
				"SellResource14": "Swords",
				"SellResource15": "None",
				"DefWallPatrolRallyTime": 4,
				"DefWallPatrolGroups": 2,
				"DefSiegeEngineGoldThreshold": 400,
				"DefSiegeEngineBuildDelay": 2,
				"Unknown072": 100,
				"Unknown073": 20,
				"RecruitProbDefDefault": 40,
				"RecruitProbDefWeak": 100,
				"RecruitProbDefStrong": 30,
				"RecruitProbRaidDefault": 50,
				"RecruitProbRaidWeak": 0,
				"RecruitProbRaidStrong": 55,
				"RecruitProbAttackDefault": 10,
				"RecruitProbAttackWeak": 0,
				"RecruitProbAttackStrong": 15,
				"SortieUnitRangedMin": 12,
				"SortieUnitRanged": "EuropArcher",
				"SortieUnitMeleeMin": 8,
				"SortieUnitMelee": "Pikeman",
				"DefDiggingUnitMax": 8,
				"DefDiggingUnit": "Pikeman",
				"RecruitInterval": 1,
				"RecruitIntervalWeak": 2,
				"RecruitIntervalStrong": 0,
				"DefTotal": 120,
				"OuterPatrolGroupsCount": 2,
				"OuterPatrolGroupsMove": "True",
				"OuterPatrolRallyDelay": 5,
				"DefWalls": 100,
				"DefUnit1": "Crossbowman",
				"DefUnit2": "EuropArcher",
				"DefUnit3": "Crossbowman",
				"DefUnit4": "None",
				"DefUnit5": "None",
				"DefUnit6": "None",
				"DefUnit7": "None",
				"DefUnit8": "None",
				"RaidUnitsBase": 40,
				"RaidUnitsRandom": 0,
				"RaidUnit1": "Pikeman",
				"RaidUnit2": "None",
				"RaidUnit3": "None",
				"RaidUnit4": "None",
				"RaidUnit5": "None",
				"RaidUnit6": "None",
				"RaidUnit7": "None",
				"RaidUnit8": "None",
				"HarassingSiegeEngine1": "Catapult",
				"HarassingSiegeEngine2": "None",
				"HarassingSiegeEngine3": "None",
				"HarassingSiegeEngine4": "None",
				"HarassingSiegeEngine5": "None",
				"HarassingSiegeEngine6": "None",
				"HarassingSiegeEngine7": "None",
				"HarassingSiegeEngine8": "None",
				"HarassingSiegeEnginesMax": 6,
				"Unknown124": 0,
				"AttForceBase": 80,
				"AttForceRandom": 0,
				"AttForceSupportAllyThreshold": 5,
				"AttForceRallyPercentage": 1,
				"Unknown129": 0,
				"Unknown130": 0,
				"AttUnitPatrolRecommandDelay": 2,
				"Unknown132": 0,
				"SiegeEngine1": "Trebuchet",
				"SiegeEngine2": "Trebuchet",
				"SiegeEngine3": "Trebuchet",
				"SiegeEngine4": "Trebuchet",
				"SiegeEngine5": "Trebuchet",
				"SiegeEngine6": "Trebuchet",
				"SiegeEngine7": "Catapult",
				"SiegeEngine8": "Catapult",
				"CowThrowInterval": 20,
				"Unknown142": 0,
				"AttMaxEngineers": 24,
				"AttDiggingUnit": "Pikeman",
				"AttDiggingUnitMax": 25,
				"AttUnit2": "None",
				"AttUnit2Max": 0,
				"AttMaxAssassins": 0,
				"AttMaxLaddermen": 0,
				"AttMaxTunnelers": 0,
				"AttUnitPatrol": "None",
				"AttUnitPatrolMax": 0,
				"AttUnitPatrolGroupsCount": 0,
				"AttUnitBackup": "EuropArcher",
				"AttUnitBackupMax": 10,
				"AttUnitBackupGroupsCount": 0,
				"AttUnitEngage": "None",
				"AttUnitEngageMax": 0,
				"AttUnitSiegeDef": "Crossbowman",
				"AttUnitSiegeDefMax": 9,
				"AttUnitSiegeDefGroupsCount": 0,
				"AttUnitMain1": "Pikeman",
				"AttUnitMain2": "Pikeman",
				"AttUnitMain3": "None",
				"AttUnitMain4": "None",
				"AttMaxDefault": 200,
				"AttMainGroupsCount": 2,
				"TargetChoice": "Closest"

			}
		}
	]
}
