{
"AICShortDescription": {
  
},

	"AICharacters": [
		{
			"Name": "Rat",
			"CustomName": "",
			"Personality": {

				"Unknown000": 12,
				"Unknown001": 0,
				"Unknown002": 0,
				"Unknown003": 0,
				"Unknown004": 0,
				"Unknown005": 0,
				"CriticalPopularity": 4000,
				"LowestPopularity": 5500,
				"HighestPopularity": 7500,
				"TaxesMin": 3,
				"TaxesMax": 10,
				"Unknown011": 20,
				"Farm1": "AppleFarm",
				"Farm2": "None",
				"Farm3": "None",
				"Farm4": "None",
				"Farm5": "None",
				"Farm6": "None",
				"Farm7": "None",
				"Farm8": "None",
				"PopulationPerFarm": 6,
				"PopulationPerWoodcutter": 8,
				"PopulationPerQuarry": 18,
				"PopulationPerIronmine": 0,
				"PopulationPerPitchrig": 0,
				"MaxQuarries": 1,
				"MaxIronmines": 1,
				"MaxWoodcutters": 6,
				"MaxPitchrigs": 1,
				"MaxFarms": 6,
				"BuildInterval": 1,
				"ResourceRebuildDelay": 10,
				"MaxFood": 100,
				"MinimumApples": 10,
				"MinimumCheese": -1,
				"MinimumBread": -1,
				"MinimumWheat": -1,
				"MinimumHop": -1,
				"TradeAmountFood": 10,
				"TradeAmountEquipment": 2,
				"Unknown040": 18,
				"MinimumGoodsRequiredAfterTrade": 0,
				"DoubleRationsFoodThreshold": 0,
				"MaxWood": 30,
				"MaxStone": 40,
				"MaxResourceOther": 20,
				"MaxEquipment": 20,
				"MaxBeer": 20,
				"MaxResourceVariance": 5,
				"RecruitGoldThreshold": 200,
				"BlacksmithSetting": "Swords",
				"FletcherSetting": "Bows",
				"PoleturnerSetting": "Spears",
				"SellResource01": "None",
				"SellResource02": "Hop",
				"SellResource03": "Iron",
				"SellResource04": "Pitch",
				"SellResource05": "Wheat",
				"SellResource06": "Beer",
				"SellResource07": "Flour",
				"SellResource08": "None",
				"SellResource09": "Crossbows",
				"SellResource10": "None",
				"SellResource11": "Pikes",
				"SellResource12": "Maces",
				"SellResource13": "Swords",
				"SellResource14": "LeatherArmors",
				"SellResource15": "IronArmors",
				"DefWallPatrolRallyTime": 20,
				"DefWallPatrolGroups": 1,
				"DefSiegeEngineGoldThreshold": 200,
				"DefSiegeEngineBuildDelay": 20,
				"Unknown072": 800,
				"Unknown073": 80,
				"RecruitProbDefDefault": 10,
				"RecruitProbDefWeak": 50,
				"RecruitProbDefStrong": 0,
				"RecruitProbRaidDefault": 45,
				"RecruitProbRaidWeak": 50,
				"RecruitProbRaidStrong": 0,
				"RecruitProbAttackDefault": 45,
				"RecruitProbAttackWeak": 0,
				"RecruitProbAttackStrong": 100,
				"SortieUnitRangedMin": 5,
				"SortieUnitRanged": "EuropArcher",
				"SortieUnitMeleeMin": 6,
				"SortieUnitMelee": "Spearman",
				"DefDiggingUnitMax": 0,
				"DefDiggingUnit": "Spearman",
				"RecruitInterval": 1,
				"RecruitIntervalWeak": 1,
				"RecruitIntervalStrong": 1,
				"DefTotal": 30,
				"OuterPatrolGroupsCount": 1,
				"OuterPatrolGroupsMove": "False",
				"OuterPatrolRallyDelay": 10,
				"DefWalls": 20,
				"DefUnit1": "Spearman",
				"DefUnit2": "Spearman",
				"DefUnit3": "EuropArcher",
				"DefUnit4": "EuropArcher",
				"DefUnit5": "None",
				"DefUnit6": "None",
				"DefUnit7": "None",
				"DefUnit8": "None",
				"RaidUnitsBase": 10,
				"RaidUnitsRandom": 15,
				"RaidUnit1": "Spearman",
				"RaidUnit2": "Spearman",
				"RaidUnit3": "EuropArcher",
				"RaidUnit4": "None",
				"RaidUnit5": "None",
				"RaidUnit6": "None",
				"RaidUnit7": "None",
				"RaidUnit8": "None",
				"HarassingSiegeEngine1": "Catapult",
				"HarassingSiegeEngine2": "None",
				"HarassingSiegeEngine3": "None",
				"HarassingSiegeEngine4": "None",
				"HarassingSiegeEngine5": "None",
				"HarassingSiegeEngine6": "None",
				"HarassingSiegeEngine7": "None",
				"HarassingSiegeEngine8": "None",
				"HarassingSiegeEnginesMax": 0,
				"Unknown124": 3,
				"AttForceBase": 20,
				"AttForceRandom": 10,
				"AttForceSupportAllyThreshold": 15,
				"AttForceRallyPercentage": 50,
				"Unknown129": 100,
				"Unknown130": 0,
				"AttUnitPatrolRecommandDelay": 25,
				"Unknown132": 20,
				"SiegeEngine1": "None",
				"SiegeEngine2": "None",
				"SiegeEngine3": "None",
				"SiegeEngine4": "None",
				"SiegeEngine5": "None",
				"SiegeEngine6": "None",
				"SiegeEngine7": "None",
				"SiegeEngine8": "None",
				"CowThrowInterval": 1000,
				"Unknown142": 0,
				"AttMaxEngineers": 0,
				"AttDiggingUnit": "Spearman",
				"AttDiggingUnitMax": 20,
				"AttUnit2": "EuropArcher",
				"AttUnit2Max": 0,
				"AttMaxAssassins": 0,
				"AttMaxLaddermen": 0,
				"AttMaxTunnelers": 0,
				"AttUnitPatrol": "EuropArcher",
				"AttUnitPatrolMax": 0,
				"AttUnitPatrolGroupsCount": 0,
				"AttUnitBackup": "EuropArcher",
				"AttUnitBackupMax": 16,
				"AttUnitBackupGroupsCount": 0,
				"AttUnitEngage": "None",
				"AttUnitEngageMax": 0,
				"AttUnitSiegeDef": "Spearman",
				"AttUnitSiegeDefMax": 0,
				"AttUnitSiegeDefGroupsCount": 0,
				"AttUnitMain1": "Spearman",
				"AttUnitMain2": "None",
				"AttUnitMain3": "None",
				"AttUnitMain4": "None",
				"AttMaxDefault": 200,
				"AttMainGroupsCount": 1,
				"TargetChoice": "Player"
			}
		},
		{
			"Name": "Snake",
			"CustomName": "",
			"Personality": {

				"Unknown000": 12,
				"Unknown001": 0,
				"Unknown002": 0,
				"Unknown003": 0,
				"Unknown004": 0,
				"Unknown005": 0,
				"CriticalPopularity": 4000,
				"LowestPopularity": 5000,
				"HighestPopularity": 8000,
				"TaxesMin": 3,
				"TaxesMax": 11,
				"Unknown011": 15,
				"Farm1": "AppleFarm",
				"Farm2": "None",
				"Farm3": "None",
				"Farm4": "None",
				"Farm5": "None",
				"Farm6": "None",
				"Farm7": "None",
				"Farm8": "None",
				"PopulationPerFarm": 5,
				"PopulationPerWoodcutter": 5,
				"PopulationPerQuarry": 15,
				"PopulationPerIronmine": 0,
				"PopulationPerPitchrig": 0,
				"MaxQuarries": 2,
				"MaxIronmines": 1,
				"MaxWoodcutters": 10,
				"MaxPitchrigs": 1,
				"MaxFarms": 10,
				"BuildInterval": 2,
				"ResourceRebuildDelay": 12,
				"MaxFood": 150,
				"MinimumApples": 10,
				"MinimumCheese": 20,
				"MinimumBread": -1,
				"MinimumWheat": -1,
				"MinimumHop": -1,
				"TradeAmountFood": 5,
				"TradeAmountEquipment": 6,
				"Unknown040": 12,
				"MinimumGoodsRequiredAfterTrade": 10,
				"DoubleRationsFoodThreshold": 80,
				"MaxWood": 48,
				"MaxStone": 40,
				"MaxResourceOther": 15,
				"MaxEquipment": 12,
				"MaxBeer": 5,
				"MaxResourceVariance": 5,
				"RecruitGoldThreshold": 200,
				"BlacksmithSetting": "Swords",
				"FletcherSetting": "Bows",
				"PoleturnerSetting": "Spears",
				"SellResource01": "None",
				"SellResource02": "Hop",
				"SellResource03": "Iron",
				"SellResource04": "Pitch",
				"SellResource05": "Wheat",
				"SellResource06": "Beer",
				"SellResource07": "Flour",
				"SellResource08": "None",
				"SellResource09": "Crossbows",
				"SellResource10": "None",
				"SellResource11": "Pikes",
				"SellResource12": "Maces",
				"SellResource13": "Swords",
				"SellResource14": "LeatherArmors",
				"SellResource15": "IronArmors",
				"DefWallPatrolRallyTime": 2,
				"DefWallPatrolGroups": 4,
				"DefSiegeEngineGoldThreshold": 500,
				"DefSiegeEngineBuildDelay": 20,
				"Unknown072": 400,
				"Unknown073": 60,
				"RecruitProbDefDefault": 30,
				"RecruitProbDefWeak": 70,
				"RecruitProbDefStrong": 20,
				"RecruitProbRaidDefault": 40,
				"RecruitProbRaidWeak": 30,
				"RecruitProbRaidStrong": 40,
				"RecruitProbAttackDefault": 30,
				"RecruitProbAttackWeak": 0,
				"RecruitProbAttackStrong": 40,
				"SortieUnitRangedMin": 2,
				"SortieUnitRanged": "EuropArcher",
				"SortieUnitMeleeMin": 8,
				"SortieUnitMelee": "Spearman",
				"DefDiggingUnitMax": 20,
				"DefDiggingUnit": "Spearman",
				"RecruitInterval": 1,
				"RecruitIntervalWeak": 0,
				"RecruitIntervalStrong": 1,
				"DefTotal": 80,
				"OuterPatrolGroupsCount": 3,
				"OuterPatrolGroupsMove": "True",
				"OuterPatrolRallyDelay": 2,
				"DefWalls": 50,
				"DefUnit1": "EuropArcher",
				"DefUnit2": "None",
				"DefUnit3": "None",
				"DefUnit4": "None",
				"DefUnit5": "None",
				"DefUnit6": "None",
				"DefUnit7": "None",
				"DefUnit8": "None",
				"RaidUnitsBase": 30,
				"RaidUnitsRandom": 10,
				"RaidUnit1": "Slave",
				"RaidUnit2": "Slave",
				"RaidUnit3": "Slave",
				"RaidUnit4": "Slinger",
				"RaidUnit5": "None",
				"RaidUnit6": "None",
				"RaidUnit7": "None",
				"RaidUnit8": "None",
				"HarassingSiegeEngine1": "Catapult",
				"HarassingSiegeEngine2": "None",
				"HarassingSiegeEngine3": "None",
				"HarassingSiegeEngine4": "None",
				"HarassingSiegeEngine5": "None",
				"HarassingSiegeEngine6": "None",
				"HarassingSiegeEngine7": "None",
				"HarassingSiegeEngine8": "None",
				"HarassingSiegeEnginesMax": 1,
				"Unknown124": 3,
				"AttForceBase": 30,
				"AttForceRandom": 10,
				"AttForceSupportAllyThreshold": 30,
				"AttForceRallyPercentage": 50,
				"Unknown129": 100,
				"Unknown130": 0,
				"AttUnitPatrolRecommandDelay": 25,
				"Unknown132": 40,
				"SiegeEngine1": "Catapult",
				"SiegeEngine2": "None",
				"SiegeEngine3": "None",
				"SiegeEngine4": "None",
				"SiegeEngine5": "None",
				"SiegeEngine6": "None",
				"SiegeEngine7": "None",
				"SiegeEngine8": "None",
				"CowThrowInterval": 1000,
				"Unknown142": 0,
				"AttMaxEngineers": 2,
				"AttDiggingUnit": "Spearman",
				"AttDiggingUnitMax": 20,
				"AttUnit2": "EuropArcher",
				"AttUnit2Max": 20,
				"AttMaxAssassins": 0,
				"AttMaxLaddermen": 10,
				"AttMaxTunnelers": 0,
				"AttUnitPatrol": "Slinger",
				"AttUnitPatrolMax": 0,
				"AttUnitPatrolGroupsCount": 0,
				"AttUnitBackup": "ArabArcher",
				"AttUnitBackupMax": 50,
				"AttUnitBackupGroupsCount": 1,
				"AttUnitEngage": "None",
				"AttUnitEngageMax": 0,
				"AttUnitSiegeDef": "EuropArcher",
				"AttUnitSiegeDefMax": 30,
				"AttUnitSiegeDefGroupsCount": 0,
				"AttUnitMain1": "Spearman",
				"AttUnitMain2": "None",
				"AttUnitMain3": "None",
				"AttUnitMain4": "None",
				"AttMaxDefault": 200,
				"AttMainGroupsCount": 1,
				"TargetChoice": "Balanced"
			}
		},
		{
			"Name": "Pig",
			"CustomName": "",
			"Personality": {

				"Unknown000": 12,
				"Unknown001": 0,
				"Unknown002": 0,
				"Unknown003": 0,
				"Unknown004": 0,
				"Unknown005": 0,
				"CriticalPopularity": 5000,
				"LowestPopularity": 7000,
				"HighestPopularity": 8500,
				"TaxesMin": 3,
				"TaxesMax": 11,
				"Unknown011": 20,
				"Farm1": "DairyFarm",
				"Farm2": "None",
				"Farm3": "None",
				"Farm4": "None",
				"Farm5": "None",
				"Farm6": "None",
				"Farm7": "None",
				"Farm8": "None",
				"PopulationPerFarm": 4,
				"PopulationPerWoodcutter": 6,
				"PopulationPerQuarry": 25,
				"PopulationPerIronmine": 10,
				"PopulationPerPitchrig": 20,
				"MaxQuarries": 2,
				"MaxIronmines": 4,
				"MaxWoodcutters": 8,
				"MaxPitchrigs": 1,
				"MaxFarms": 12,
				"BuildInterval": 3,
				"ResourceRebuildDelay": 50,
				"MaxFood": 400,
				"MinimumApples": 10,
				"MinimumCheese": 10,
				"MinimumBread": 10,
				"MinimumWheat": -1,
				"MinimumHop": -1,
				"TradeAmountFood": 5,
				"TradeAmountEquipment": 4,
				"Unknown040": 12,
				"MinimumGoodsRequiredAfterTrade": 100,
				"DoubleRationsFoodThreshold": 60,
				"MaxWood": 70,
				"MaxStone": 40,
				"MaxResourceOther": 10,
				"MaxEquipment": 10,
				"MaxBeer": 5,
				"MaxResourceVariance": 5,
				"RecruitGoldThreshold": 200,
				"BlacksmithSetting": "Maces",
				"FletcherSetting": "Crossbows",
				"PoleturnerSetting": "Spears",
				"SellResource01": "None",
				"SellResource02": "Hop",
				"SellResource03": "None",
				"SellResource04": "Pitch",
				"SellResource05": "Wheat",
				"SellResource06": "Beer",
				"SellResource07": "Flour",
				"SellResource08": "Bows",
				"SellResource09": "None",
				"SellResource10": "Spears",
				"SellResource11": "Pikes",
				"SellResource12": "None",
				"SellResource13": "Swords",
				"SellResource14": "None",
				"SellResource15": "IronArmors",
				"DefWallPatrolRallyTime": 10,
				"DefWallPatrolGroups": 4,
				"DefSiegeEngineGoldThreshold": 100,
				"DefSiegeEngineBuildDelay": 20,
				"Unknown072": 200,
				"Unknown073": 40,
				"RecruitProbDefDefault": 60,
				"RecruitProbDefWeak": 100,
				"RecruitProbDefStrong": 30,
				"RecruitProbRaidDefault": 0,
				"RecruitProbRaidWeak": 0,
				"RecruitProbRaidStrong": 0,
				"RecruitProbAttackDefault": 40,
				"RecruitProbAttackWeak": 0,
				"RecruitProbAttackStrong": 70,
				"SortieUnitRangedMin": 4,
				"SortieUnitRanged": "Crossbowman",
				"SortieUnitMeleeMin": 5,
				"SortieUnitMelee": "Maceman",
				"DefDiggingUnitMax": 0,
				"DefDiggingUnit": "Spearman",
				"RecruitInterval": 1,
				"RecruitIntervalWeak": 1,
				"RecruitIntervalStrong": 4,
				"DefTotal": 40,
				"OuterPatrolGroupsCount": 2,
				"OuterPatrolGroupsMove": "True",
				"OuterPatrolRallyDelay": 20,
				"DefWalls": 30,
				"DefUnit1": "Crossbowman",
				"DefUnit2": "Crossbowman",
				"DefUnit3": "Crossbowman",
				"DefUnit4": "None",
				"DefUnit5": "None",
				"DefUnit6": "None",
				"DefUnit7": "None",
				"DefUnit8": "None",
				"RaidUnitsBase": 10,
				"RaidUnitsRandom": 5,
				"RaidUnit1": "Maceman",
				"RaidUnit2": "None",
				"RaidUnit3": "None",
				"RaidUnit4": "None",
				"RaidUnit5": "None",
				"RaidUnit6": "None",
				"RaidUnit7": "None",
				"RaidUnit8": "None",
				"HarassingSiegeEngine1": "Catapult",
				"HarassingSiegeEngine2": "None",
				"HarassingSiegeEngine3": "None",
				"HarassingSiegeEngine4": "None",
				"HarassingSiegeEngine5": "None",
				"HarassingSiegeEngine6": "None",
				"HarassingSiegeEngine7": "None",
				"HarassingSiegeEngine8": "None",
				"HarassingSiegeEnginesMax": 2,
				"Unknown124": 3,
				"AttForceBase": 10,
				"AttForceRandom": 10,
				"AttForceSupportAllyThreshold": 10,
				"AttForceRallyPercentage": 60,
				"Unknown129": 100,
				"Unknown130": 5,
				"AttUnitPatrolRecommandDelay": 15,
				"Unknown132": 20,
				"SiegeEngine1": "Catapult",
				"SiegeEngine2": "Catapult",
				"SiegeEngine3": "Catapult",
				"SiegeEngine4": "BatteringRam",
				"SiegeEngine5": "None",
				"SiegeEngine6": "None",
				"SiegeEngine7": "None",
				"SiegeEngine8": "None",
				"CowThrowInterval": 30,
				"Unknown142": 0,
				"AttMaxEngineers": 10,
				"AttDiggingUnit": "Maceman",
				"AttDiggingUnitMax": 10,
				"AttUnit2": "None",
				"AttUnit2Max": 0,
				"AttMaxAssassins": 0,
				"AttMaxLaddermen": 0,
				"AttMaxTunnelers": 0,
				"AttUnitPatrol": "None",
				"AttUnitPatrolMax": 0,
				"AttUnitPatrolGroupsCount": 0,
				"AttUnitBackup": "Crossbowman",
				"AttUnitBackupMax": 5,
				"AttUnitBackupGroupsCount": 1,
				"AttUnitEngage": "None",
				"AttUnitEngageMax": 0,
				"AttUnitSiegeDef": "Maceman",
				"AttUnitSiegeDefMax": 0,
				"AttUnitSiegeDefGroupsCount": 0,
				"AttUnitMain1": "Maceman",
				"AttUnitMain2": "None",
				"AttUnitMain3": "None",
				"AttUnitMain4": "None",
				"AttMaxDefault": 200,
				"AttMainGroupsCount": 2,
				"TargetChoice": "Gold"
			}
		},
		{
			"Name": "Wolf",
			"CustomName": "",
			"Personality": {

				"Unknown000": 13,
				"Unknown001": 0,
				"Unknown002": 0,
				"Unknown003": 0,
				"Unknown004": 1,
				"Unknown005": 1,
				"CriticalPopularity": 4500,
				"LowestPopularity": 6000,
				"HighestPopularity": 9000,
				"TaxesMin": 3,
				"TaxesMax": 11,
				"Unknown011": 12,
				"Farm1": "DairyFarm",
				"Farm2": "AppleFarm",
				"Farm3": "HopFarm",
				"Farm4": "AppleFarm",
				"Farm5": "None",
				"Farm6": "None",
				"Farm7": "None",
				"Farm8": "None",
				"PopulationPerFarm": 5,
				"PopulationPerWoodcutter": 4,
				"PopulationPerQuarry": 9,
				"PopulationPerIronmine": 13,
				"PopulationPerPitchrig": 15,
				"MaxQuarries": 6,
				"MaxIronmines": 3,
				"MaxWoodcutters": 12,
				"MaxPitchrigs": 2,
				"MaxFarms": 10,
				"BuildInterval": 3,
				"ResourceRebuildDelay": 20,
				"MaxFood": 200,
				"MinimumApples": 5,
				"MinimumCheese": 5,
				"MinimumBread": 5,
				"MinimumWheat": -1,
				"MinimumHop": -1,
				"TradeAmountFood": 10,
				"TradeAmountEquipment": 4,
				"Unknown040": 20,
				"MinimumGoodsRequiredAfterTrade": 40,
				"DoubleRationsFoodThreshold": 80,
				"MaxWood": 60,
				"MaxStone": 50,
				"MaxResourceOther": 7,
				"MaxEquipment": 9,
				"MaxBeer": 6,
				"MaxResourceVariance": 2,
				"RecruitGoldThreshold": 200,
				"BlacksmithSetting": "Swords",
				"FletcherSetting": "Crossbows",
				"PoleturnerSetting": "Pikes",
				"SellResource01": "None",
				"SellResource02": "None",
				"SellResource03": "None",
				"SellResource04": "None",
				"SellResource05": "Wheat",
				"SellResource06": "None",
				"SellResource07": "Flour",
				"SellResource08": "None",
				"SellResource09": "None",
				"SellResource10": "Spears",
				"SellResource11": "None",
				"SellResource12": "Maces",
				"SellResource13": "None",
				"SellResource14": "None",
				"SellResource15": "None",
				"DefWallPatrolRallyTime": 4,
				"DefWallPatrolGroups": 3,
				"DefSiegeEngineGoldThreshold": 250,
				"DefSiegeEngineBuildDelay": 2,
				"Unknown072": 100,
				"Unknown073": 20,
				"RecruitProbDefDefault": 60,
				"RecruitProbDefWeak": 90,
				"RecruitProbDefStrong": 30,
				"RecruitProbRaidDefault": 30,
				"RecruitProbRaidWeak": 10,
				"RecruitProbRaidStrong": 10,
				"RecruitProbAttackDefault": 10,
				"RecruitProbAttackWeak": 0,
				"RecruitProbAttackStrong": 60,
				"SortieUnitRangedMin": 8,
				"SortieUnitRanged": "ArabArcher",
				"SortieUnitMeleeMin": 6,
				"SortieUnitMelee": "Pikeman",
				"DefDiggingUnitMax": 8,
				"DefDiggingUnit": "Pikeman",
				"RecruitInterval": 4,
				"RecruitIntervalWeak": 1,
				"RecruitIntervalStrong": 4,
				"DefTotal": 100,
				"OuterPatrolGroupsCount": 4,
				"OuterPatrolGroupsMove": "True",
				"OuterPatrolRallyDelay": 3,
				"DefWalls": 80,
				"DefUnit1": "Crossbowman",
				"DefUnit2": "Crossbowman",
				"DefUnit3": "EuropArcher",
				"DefUnit4": "EuropArcher",
				"DefUnit5": "None",
				"DefUnit6": "None",
				"DefUnit7": "None",
				"DefUnit8": "None",
				"RaidUnitsBase": 5,
				"RaidUnitsRandom": 20,
				"RaidUnit1": "HorseArcher",
				"RaidUnit2": "HorseArcher",
				"RaidUnit3": "None",
				"RaidUnit4": "None",
				"RaidUnit5": "None",
				"RaidUnit6": "None",
				"RaidUnit7": "None",
				"RaidUnit8": "None",
				"HarassingSiegeEngine1": "Catapult",
				"HarassingSiegeEngine2": "None",
				"HarassingSiegeEngine3": "None",
				"HarassingSiegeEngine4": "None",
				"HarassingSiegeEngine5": "None",
				"HarassingSiegeEngine6": "None",
				"HarassingSiegeEngine7": "None",
				"HarassingSiegeEngine8": "None",
				"HarassingSiegeEnginesMax": 4,
				"Unknown124": 5,
				"AttForceBase": 40,
				"AttForceRandom": 15,
				"AttForceSupportAllyThreshold": 30,
				"AttForceRallyPercentage": 80,
				"Unknown129": 100,
				"Unknown130": 12,
				"AttUnitPatrolRecommandDelay": 5,
				"Unknown132": 50,
				"SiegeEngine1": "Catapult",
				"SiegeEngine2": "Trebuchet",
				"SiegeEngine3": "FireBallista",
				"SiegeEngine4": "Trebuchet",
				"SiegeEngine5": "None",
				"SiegeEngine6": "None",
				"SiegeEngine7": "None",
				"SiegeEngine8": "None",
				"CowThrowInterval": 8,
				"Unknown142": 0,
				"AttMaxEngineers": 12,
				"AttDiggingUnit": "Pikeman",
				"AttDiggingUnitMax": 20,
				"AttUnit2": "None",
				"AttUnit2Max": 0,
				"AttMaxAssassins": 0,
				"AttMaxLaddermen": 0,
				"AttMaxTunnelers": 0,
				"AttUnitPatrol": "None",
				"AttUnitPatrolMax": 0,
				"AttUnitPatrolGroupsCount": 0,
				"AttUnitBackup": "Crossbowman",
				"AttUnitBackupMax": 30,
				"AttUnitBackupGroupsCount": 3,
				"AttUnitEngage": "None",
				"AttUnitEngageMax": 0,
				"AttUnitSiegeDef": "Swordsman",
				"AttUnitSiegeDefMax": 5,
				"AttUnitSiegeDefGroupsCount": 1,
				"AttUnitMain1": "Swordsman",
				"AttUnitMain2": "Pikeman",
				"AttUnitMain3": "Pikeman",
				"AttUnitMain4": "None",
				"AttMaxDefault": 200,
				"AttMainGroupsCount": 3,
				"TargetChoice": "Closest"
			}
		},
		{
			"Name": "Saladin",
			"CustomName": "",
			"Personality": {

				"Unknown000": 10,
				"Unknown001": 0,
				"Unknown002": 0,
				"Unknown003": 0,
				"Unknown004": 0,
				"Unknown005": 0,
				"CriticalPopularity": 4000,
				"LowestPopularity": 5000,
				"HighestPopularity": 8000,
				"TaxesMin": 3,
				"TaxesMax": 11,
				"Unknown011": 20,
				"Farm1": "HopFarm",
				"Farm2": "WheatFarm",
				"Farm3": "WheatFarm",
				"Farm4": "AppleFarm",
				"Farm5": "None",
				"Farm6": "None",
				"Farm7": "None",
				"Farm8": "None",
				"PopulationPerFarm": 3,
				"PopulationPerWoodcutter": 6,
				"PopulationPerQuarry": 10,
				"PopulationPerIronmine": 12,
				"PopulationPerPitchrig": 20,
				"MaxQuarries": 4,
				"MaxIronmines": 4,
				"MaxWoodcutters": 14,
				"MaxPitchrigs": 1,
				"MaxFarms": 15,
				"BuildInterval": 2,
				"ResourceRebuildDelay": 40,
				"MaxFood": 50,
				"MinimumApples": 5,
				"MinimumCheese": 5,
				"MinimumBread": 5,
				"MinimumWheat": 5,
				"MinimumHop": 5,
				"TradeAmountFood": 10,
				"TradeAmountEquipment": 0,
				"Unknown040": 40,
				"MinimumGoodsRequiredAfterTrade": 20,
				"DoubleRationsFoodThreshold": 20,
				"MaxWood": 60,
				"MaxStone": 50,
				"MaxResourceOther": 10,
				"MaxEquipment": 5,
				"MaxBeer": 10,
				"MaxResourceVariance": 2,
				"RecruitGoldThreshold": 200,
				"BlacksmithSetting": "Swords",
				"FletcherSetting": "Crossbows",
				"PoleturnerSetting": "Pikes",
				"SellResource01": "None",
				"SellResource02": "None",
				"SellResource03": "None",
				"SellResource04": "None",
				"SellResource05": "None",
				"SellResource06": "None",
				"SellResource07": "None",
				"SellResource08": "Bows",
				"SellResource09": "Crossbows",
				"SellResource10": "None",
				"SellResource11": "Pikes",
				"SellResource12": "Maces",
				"SellResource13": "None",
				"SellResource14": "LeatherArmors",
				"SellResource15": "None",
				"DefWallPatrolRallyTime": 3,
				"DefWallPatrolGroups": 4,
				"DefSiegeEngineGoldThreshold": 20,
				"DefSiegeEngineBuildDelay": 8,
				"Unknown072": 100,
				"Unknown073": 20,
				"RecruitProbDefDefault": 34,
				"RecruitProbDefWeak": 100,
				"RecruitProbDefStrong": 25,
				"RecruitProbRaidDefault": 33,
				"RecruitProbRaidWeak": 0,
				"RecruitProbRaidStrong": 25,
				"RecruitProbAttackDefault": 33,
				"RecruitProbAttackWeak": 0,
				"RecruitProbAttackStrong": 50,
				"SortieUnitRangedMin": 10,
				"SortieUnitRanged": "ArabArcher",
				"SortieUnitMeleeMin": 7,
				"SortieUnitMelee": "ArabSwordsman",
				"DefDiggingUnitMax": 4,
				"DefDiggingUnit": "Slave",
				"RecruitInterval": 1,
				"RecruitIntervalWeak": 1,
				"RecruitIntervalStrong": 1,
				"DefTotal": 70,
				"OuterPatrolGroupsCount": 2,
				"OuterPatrolGroupsMove": "True",
				"OuterPatrolRallyDelay": 10,
				"DefWalls": 50,
				"DefUnit1": "ArabSwordsman",
				"DefUnit2": "ArabArcher",
				"DefUnit3": "ArabArcher",
				"DefUnit4": "ArabArcher",
				"DefUnit5": "FireThrower",
				"DefUnit6": "None",
				"DefUnit7": "None",
				"DefUnit8": "None",
				"RaidUnitsBase": 10,
				"RaidUnitsRandom": 5,
				"RaidUnit1": "HorseArcher",
				"RaidUnit2": "None",
				"RaidUnit3": "None",
				"RaidUnit4": "None",
				"RaidUnit5": "None",
				"RaidUnit6": "None",
				"RaidUnit7": "None",
				"RaidUnit8": "None",
				"HarassingSiegeEngine1": "Catapult",
				"HarassingSiegeEngine2": "None",
				"HarassingSiegeEngine3": "None",
				"HarassingSiegeEngine4": "None",
				"HarassingSiegeEngine5": "None",
				"HarassingSiegeEngine6": "None",
				"HarassingSiegeEngine7": "None",
				"HarassingSiegeEngine8": "None",
				"HarassingSiegeEnginesMax": 5,
				"Unknown124": 3,
				"AttForceBase": 50,
				"AttForceRandom": 10,
				"AttForceSupportAllyThreshold": 8,
				"AttForceRallyPercentage": 80,
				"Unknown129": 100,
				"Unknown130": 4,
				"AttUnitPatrolRecommandDelay": 1,
				"Unknown132": 60,
				"SiegeEngine1": "FireBallista",
				"SiegeEngine2": "FireBallista",
				"SiegeEngine3": "Catapult",
				"SiegeEngine4": "Catapult",
				"SiegeEngine5": "None",
				"SiegeEngine6": "None",
				"SiegeEngine7": "None",
				"SiegeEngine8": "None",
				"CowThrowInterval": 2000,
				"Unknown142": 0,
				"AttMaxEngineers": 10,
				"AttDiggingUnit": "Slave",
				"AttDiggingUnitMax": 20,
				"AttUnit2": "HorseArcher",
				"AttUnit2Max": 20,
				"AttMaxAssassins": 5,
				"AttMaxLaddermen": 0,
				"AttMaxTunnelers": 0,
				"AttUnitPatrol": "HorseArcher",
				"AttUnitPatrolMax": 20,
				"AttUnitPatrolGroupsCount": 1,
				"AttUnitBackup": "ArabArcher",
				"AttUnitBackupMax": 20,
				"AttUnitBackupGroupsCount": 3,
				"AttUnitEngage": "FireThrower",
				"AttUnitEngageMax": 0,
				"AttUnitSiegeDef": "FireThrower",
				"AttUnitSiegeDefMax": 6,
				"AttUnitSiegeDefGroupsCount": 1,
				"AttUnitMain1": "ArabSwordsman",
				"AttUnitMain2": "None",
				"AttUnitMain3": "None",
				"AttUnitMain4": "None",
				"AttMaxDefault": 200,
				"AttMainGroupsCount": 3,
				"TargetChoice": "Gold"
			}
		},
		{
			"Name": "Caliph",
			"CustomName": "",
			"Personality": {

				"Unknown000": 10,
				"Unknown001": 0,
				"Unknown002": 0,
				"Unknown003": 0,
				"Unknown004": 0,
				"Unknown005": 1,
				"CriticalPopularity": 4000,
				"LowestPopularity": 5000,
				"HighestPopularity": 9000,
				"TaxesMin": 3,
				"TaxesMax": 11,
				"Unknown011": 12,
				"Farm1": "AppleFarm",
				"Farm2": "HopFarm",
				"Farm3": "AppleFarm",
				"Farm4": "None",
				"Farm5": "None",
				"Farm6": "None",
				"Farm7": "None",
				"Farm8": "None",
				"PopulationPerFarm": 5,
				"PopulationPerWoodcutter": 7,
				"PopulationPerQuarry": 10,
				"PopulationPerIronmine": 12,
				"PopulationPerPitchrig": 7,
				"MaxQuarries": 2,
				"MaxIronmines": 1,
				"MaxWoodcutters": 8,
				"MaxPitchrigs": 10,
				"MaxFarms": 10,
				"BuildInterval": 3,
				"ResourceRebuildDelay": 60,
				"MaxFood": 100,
				"MinimumApples": 10,
				"MinimumCheese": -1,
				"MinimumBread": -1,
				"MinimumWheat": -1,
				"MinimumHop": -1,
				"TradeAmountFood": 10,
				"TradeAmountEquipment": 0,
				"Unknown040": 12,
				"MinimumGoodsRequiredAfterTrade": 50,
				"DoubleRationsFoodThreshold": 50,
				"MaxWood": 50,
				"MaxStone": 50,
				"MaxResourceOther": 10,
				"MaxEquipment": 5,
				"MaxBeer": 6,
				"MaxResourceVariance": 1,
				"RecruitGoldThreshold": 200,
				"BlacksmithSetting": "Swords",
				"FletcherSetting": "Crossbows",
				"PoleturnerSetting": "Pikes",
				"SellResource01": "None",
				"SellResource02": "None",
				"SellResource03": "None",
				"SellResource04": "None",
				"SellResource05": "Wheat",
				"SellResource06": "None",
				"SellResource07": "Flour",
				"SellResource08": "Bows",
				"SellResource09": "Crossbows",
				"SellResource10": "Spears",
				"SellResource11": "Pikes",
				"SellResource12": "Maces",
				"SellResource13": "Swords",
				"SellResource14": "LeatherArmors",
				"SellResource15": "IronArmors",
				"DefWallPatrolRallyTime": 5,
				"DefWallPatrolGroups": 2,
				"DefSiegeEngineGoldThreshold": 120,
				"DefSiegeEngineBuildDelay": 8,
				"Unknown072": 100,
				"Unknown073": 20,
				"RecruitProbDefDefault": 40,
				"RecruitProbDefWeak": 80,
				"RecruitProbDefStrong": 40,
				"RecruitProbRaidDefault": 40,
				"RecruitProbRaidWeak": 20,
				"RecruitProbRaidStrong": 30,
				"RecruitProbAttackDefault": 20,
				"RecruitProbAttackWeak": 0,
				"RecruitProbAttackStrong": 30,
				"SortieUnitRangedMin": 7,
				"SortieUnitRanged": "ArabArcher",
				"SortieUnitMeleeMin": 5,
				"SortieUnitMelee": "ArabSwordsman",
				"DefDiggingUnitMax": 4,
				"DefDiggingUnit": "Slave",
				"RecruitInterval": 0,
				"RecruitIntervalWeak": 1,
				"RecruitIntervalStrong": 0,
				"DefTotal": 60,
				"OuterPatrolGroupsCount": 2,
				"OuterPatrolGroupsMove": "True",
				"OuterPatrolRallyDelay": 10,
				"DefWalls": 60,
				"DefUnit1": "FireThrower",
				"DefUnit2": "ArabArcher",
				"DefUnit3": "ArabArcher",
				"DefUnit4": "ArabArcher",
				"DefUnit5": "None",
				"DefUnit6": "None",
				"DefUnit7": "None",
				"DefUnit8": "None",
				"RaidUnitsBase": 30,
				"RaidUnitsRandom": 30,
				"RaidUnit1": "Slave",
				"RaidUnit2": "None",
				"RaidUnit3": "None",
				"RaidUnit4": "None",
				"RaidUnit5": "None",
				"RaidUnit6": "None",
				"RaidUnit7": "None",
				"RaidUnit8": "None",
				"HarassingSiegeEngine1": "FireBallista",
				"HarassingSiegeEngine2": "Catapult",
				"HarassingSiegeEngine3": "None",
				"HarassingSiegeEngine4": "None",
				"HarassingSiegeEngine5": "None",
				"HarassingSiegeEngine6": "None",
				"HarassingSiegeEngine7": "None",
				"HarassingSiegeEngine8": "None",
				"HarassingSiegeEnginesMax": 2,
				"Unknown124": 3,
				"AttForceBase": 15,
				"AttForceRandom": 10,
				"AttForceSupportAllyThreshold": 70,
				"AttForceRallyPercentage": 100,
				"Unknown129": 100,
				"Unknown130": 2,
				"AttUnitPatrolRecommandDelay": 10,
				"Unknown132": 50,
				"SiegeEngine1": "FireBallista",
				"SiegeEngine2": "FireBallista",
				"SiegeEngine3": "FireBallista",
				"SiegeEngine4": "None",
				"SiegeEngine5": "None",
				"SiegeEngine6": "None",
				"SiegeEngine7": "None",
				"SiegeEngine8": "None",
				"CowThrowInterval": 7,
				"Unknown142": 0,
				"AttMaxEngineers": 6,
				"AttDiggingUnit": "Slave",
				"AttDiggingUnitMax": 20,
				"AttUnit2": "ArabSwordsman",
				"AttUnit2Max": 0,
				"AttMaxAssassins": 0,
				"AttMaxLaddermen": 0,
				"AttMaxTunnelers": 0,
				"AttUnitPatrol": "HorseArcher",
				"AttUnitPatrolMax": 0,
				"AttUnitPatrolGroupsCount": 0,
				"AttUnitBackup": "HorseArcher",
				"AttUnitBackupMax": 40,
				"AttUnitBackupGroupsCount": 2,
				"AttUnitEngage": "None",
				"AttUnitEngageMax": 0,
				"AttUnitSiegeDef": "ArabArcher",
				"AttUnitSiegeDefMax": 10,
				"AttUnitSiegeDefGroupsCount": 1,
				"AttUnitMain1": "ArabSwordsman",
				"AttUnitMain2": "None",
				"AttUnitMain3": "None",
				"AttUnitMain4": "None",
				"AttMaxDefault": 200,
				"AttMainGroupsCount": 5,
				"TargetChoice": "Balanced"
			}
		},
		{
			"Name": "Sultan",
			"CustomName": "",
			"Personality": {

				"Unknown000": 10,
				"Unknown001": 0,
				"Unknown002": 0,
				"Unknown003": 0,
				"Unknown004": 0,
				"Unknown005": 0,
				"CriticalPopularity": 5000,
				"LowestPopularity": 6000,
				"HighestPopularity": 9000,
				"TaxesMin": 1,
				"TaxesMax": 8,
				"Unknown011": 20,
				"Farm1": "None",
				"Farm2": "None",
				"Farm3": "None",
				"Farm4": "None",
				"Farm5": "None",
				"Farm6": "None",
				"Farm7": "None",
				"Farm8": "None",
				"PopulationPerFarm": 100,
				"PopulationPerWoodcutter": 2,
				"PopulationPerQuarry": 5,
				"PopulationPerIronmine": 0,
				"PopulationPerPitchrig": 0,
				"MaxQuarries": 2,
				"MaxIronmines": 1,
				"MaxWoodcutters": 15,
				"MaxPitchrigs": 1,
				"MaxFarms": 6,
				"BuildInterval": 5,
				"ResourceRebuildDelay": 80,
				"MaxFood": 500,
				"MinimumApples": 20,
				"MinimumCheese": 20,
				"MinimumBread": 20,
				"MinimumWheat": -1,
				"MinimumHop": -1,
				"TradeAmountFood": 10,
				"TradeAmountEquipment": 0,
				"Unknown040": 30,
				"MinimumGoodsRequiredAfterTrade": 0,
				"DoubleRationsFoodThreshold": 0,
				"MaxWood": 30,
				"MaxStone": 20,
				"MaxResourceOther": 10,
				"MaxEquipment": 5,
				"MaxBeer": 20,
				"MaxResourceVariance": 5,
				"RecruitGoldThreshold": 200,
				"BlacksmithSetting": "Swords",
				"FletcherSetting": "Bows",
				"PoleturnerSetting": "Spears",
				"SellResource01": "None",
				"SellResource02": "Hop",
				"SellResource03": "Iron",
				"SellResource04": "Pitch",
				"SellResource05": "Wheat",
				"SellResource06": "Beer",
				"SellResource07": "Flour",
				"SellResource08": "Bows",
				"SellResource09": "Crossbows",
				"SellResource10": "Spears",
				"SellResource11": "Pikes",
				"SellResource12": "Maces",
				"SellResource13": "Swords",
				"SellResource14": "LeatherArmors",
				"SellResource15": "IronArmors",
				"DefWallPatrolRallyTime": 10,
				"DefWallPatrolGroups": 2,
				"DefSiegeEngineGoldThreshold": 200,
				"DefSiegeEngineBuildDelay": 20,
				"Unknown072": 800,
				"Unknown073": 80,
				"RecruitProbDefDefault": 50,
				"RecruitProbDefWeak": 70,
				"RecruitProbDefStrong": 30,
				"RecruitProbRaidDefault": 20,
				"RecruitProbRaidWeak": 10,
				"RecruitProbRaidStrong": 30,
				"RecruitProbAttackDefault": 30,
				"RecruitProbAttackWeak": 20,
				"RecruitProbAttackStrong": 40,
				"SortieUnitRangedMin": 0,
				"SortieUnitRanged": "Slinger",
				"SortieUnitMeleeMin": 3,
				"SortieUnitMelee": "ArabSwordsman",
				"DefDiggingUnitMax": 2,
				"DefDiggingUnit": "Slave",
				"RecruitInterval": 8,
				"RecruitIntervalWeak": 8,
				"RecruitIntervalStrong": 4,
				"DefTotal": 50,
				"OuterPatrolGroupsCount": 1,
				"OuterPatrolGroupsMove": "False",
				"OuterPatrolRallyDelay": 10,
				"DefWalls": 40,
				"DefUnit1": "Slinger",
				"DefUnit2": "Slinger",
				"DefUnit3": "ArabSwordsman",
				"DefUnit4": "None",
				"DefUnit5": "None",
				"DefUnit6": "None",
				"DefUnit7": "None",
				"DefUnit8": "None",
				"RaidUnitsBase": 20,
				"RaidUnitsRandom": 10,
				"RaidUnit1": "Slinger",
				"RaidUnit2": "None",
				"RaidUnit3": "None",
				"RaidUnit4": "None",
				"RaidUnit5": "None",
				"RaidUnit6": "None",
				"RaidUnit7": "None",
				"RaidUnit8": "None",
				"HarassingSiegeEngine1": "Catapult",
				"HarassingSiegeEngine2": "None",
				"HarassingSiegeEngine3": "None",
				"HarassingSiegeEngine4": "None",
				"HarassingSiegeEngine5": "None",
				"HarassingSiegeEngine6": "None",
				"HarassingSiegeEngine7": "None",
				"HarassingSiegeEngine8": "None",
				"HarassingSiegeEnginesMax": 0,
				"Unknown124": 3,
				"AttForceBase": 10,
				"AttForceRandom": 20,
				"AttForceSupportAllyThreshold": 5,
				"AttForceRallyPercentage": 30,
				"Unknown129": 100,
				"Unknown130": 0,
				"AttUnitPatrolRecommandDelay": 40,
				"Unknown132": 20,
				"SiegeEngine1": "None",
				"SiegeEngine2": "None",
				"SiegeEngine3": "None",
				"SiegeEngine4": "None",
				"SiegeEngine5": "None",
				"SiegeEngine6": "None",
				"SiegeEngine7": "None",
				"SiegeEngine8": "None",
				"CowThrowInterval": 10000,
				"Unknown142": 0,
				"AttMaxEngineers": 0,
				"AttDiggingUnit": "None",
				"AttDiggingUnitMax": 0,
				"AttUnit2": "None",
				"AttUnit2Max": 0,
				"AttMaxAssassins": 0,
				"AttMaxLaddermen": 0,
				"AttMaxTunnelers": 0,
				"AttUnitPatrol": "None",
				"AttUnitPatrolMax": 0,
				"AttUnitPatrolGroupsCount": 0,
				"AttUnitBackup": "ArabArcher",
				"AttUnitBackupMax": 120,
				"AttUnitBackupGroupsCount": 1,
				"AttUnitEngage": "None",
				"AttUnitEngageMax": 0,
				"AttUnitSiegeDef": "None",
				"AttUnitSiegeDefMax": 0,
				"AttUnitSiegeDefGroupsCount": 0,
				"AttUnitMain1": "ArabSwordsman",
				"AttUnitMain2": "None",
				"AttUnitMain3": "None",
				"AttUnitMain4": "None",
				"AttMaxDefault": 200,
				"AttMainGroupsCount": 1,
				"TargetChoice": "Closest"
			}
		},
		{
			"Name": "Richard",
			"CustomName": "",
			"Personality": {

				"Unknown000": 13,
				"Unknown001": 0,
				"Unknown002": 0,
				"Unknown003": 0,
				"Unknown004": 1,
				"Unknown005": 0,
				"CriticalPopularity": 4000,
				"LowestPopularity": 5000,
				"HighestPopularity": 8000,
				"TaxesMin": 3,
				"TaxesMax": 10,
				"Unknown011": 12,
				"Farm1": "DairyFarm",
				"Farm2": "AppleFarm",
				"Farm3": "AppleFarm",
				"Farm4": "None",
				"Farm5": "None",
				"Farm6": "None",
				"Farm7": "None",
				"Farm8": "None",
				"PopulationPerFarm": 4,
				"PopulationPerWoodcutter": 7,
				"PopulationPerQuarry": 10,
				"PopulationPerIronmine": 10,
				"PopulationPerPitchrig": 0,
				"MaxQuarries": 3,
				"MaxIronmines": 4,
				"MaxWoodcutters": 10,
				"MaxPitchrigs": 1,
				"MaxFarms": 15,
				"BuildInterval": 4,
				"ResourceRebuildDelay": 20,
				"MaxFood": 200,
				"MinimumApples": 5,
				"MinimumCheese": 5,
				"MinimumBread": -1,
				"MinimumWheat": -1,
				"MinimumHop": -1,
				"TradeAmountFood": 5,
				"TradeAmountEquipment": 2,
				"Unknown040": 22,
				"MinimumGoodsRequiredAfterTrade": 10,
				"DoubleRationsFoodThreshold": 40,
				"MaxWood": 50,
				"MaxStone": 60,
				"MaxResourceOther": 10,
				"MaxEquipment": 10,
				"MaxBeer": 10,
				"MaxResourceVariance": 4,
				"RecruitGoldThreshold": 200,
				"BlacksmithSetting": "Swords",
				"FletcherSetting": "Bows",
				"PoleturnerSetting": "Pikes",
				"SellResource01": "None",
				"SellResource02": "Hop",
				"SellResource03": "None",
				"SellResource04": "None",
				"SellResource05": "Wheat",
				"SellResource06": "Beer",
				"SellResource07": "Flour",
				"SellResource08": "None",
				"SellResource09": "Crossbows",
				"SellResource10": "Spears",
				"SellResource11": "None",
				"SellResource12": "Maces",
				"SellResource13": "None",
				"SellResource14": "LeatherArmors",
				"SellResource15": "None",
				"DefWallPatrolRallyTime": 8,
				"DefWallPatrolGroups": 4,
				"DefSiegeEngineGoldThreshold": 200,
				"DefSiegeEngineBuildDelay": 2,
				"Unknown072": 100,
				"Unknown073": 20,
				"RecruitProbDefDefault": 30,
				"RecruitProbDefWeak": 90,
				"RecruitProbDefStrong": 10,
				"RecruitProbRaidDefault": 0,
				"RecruitProbRaidWeak": 0,
				"RecruitProbRaidStrong": 0,
				"RecruitProbAttackDefault": 70,
				"RecruitProbAttackWeak": 10,
				"RecruitProbAttackStrong": 90,
				"SortieUnitRangedMin": 6,
				"SortieUnitRanged": "EuropArcher",
				"SortieUnitMeleeMin": 6,
				"SortieUnitMelee": "Pikeman",
				"DefDiggingUnitMax": 0,
				"DefDiggingUnit": "Pikeman",
				"RecruitInterval": 1,
				"RecruitIntervalWeak": 1,
				"RecruitIntervalStrong": 1,
				"DefTotal": 40,
				"OuterPatrolGroupsCount": 2,
				"OuterPatrolGroupsMove": "True",
				"OuterPatrolRallyDelay": 5,
				"DefWalls": 20,
				"DefUnit1": "EuropArcher",
				"DefUnit2": "EuropArcher",
				"DefUnit3": "Pikeman",
				"DefUnit4": "None",
				"DefUnit5": "None",
				"DefUnit6": "None",
				"DefUnit7": "None",
				"DefUnit8": "None",
				"RaidUnitsBase": 10,
				"RaidUnitsRandom": 4,
				"RaidUnit1": "EuropArcher",
				"RaidUnit2": "None",
				"RaidUnit3": "None",
				"RaidUnit4": "None",
				"RaidUnit5": "None",
				"RaidUnit6": "None",
				"RaidUnit7": "None",
				"RaidUnit8": "None",
				"HarassingSiegeEngine1": "Catapult",
				"HarassingSiegeEngine2": "None",
				"HarassingSiegeEngine3": "None",
				"HarassingSiegeEngine4": "None",
				"HarassingSiegeEngine5": "None",
				"HarassingSiegeEngine6": "None",
				"HarassingSiegeEngine7": "None",
				"HarassingSiegeEngine8": "None",
				"HarassingSiegeEnginesMax": 2,
				"Unknown124": 5,
				"AttForceBase": 20,
				"AttForceRandom": 5,
				"AttForceSupportAllyThreshold": 10,
				"AttForceRallyPercentage": 10,
				"Unknown129": 100,
				"Unknown130": 20,
				"AttUnitPatrolRecommandDelay": 2,
				"Unknown132": 10,
				"SiegeEngine1": "Catapult",
				"SiegeEngine2": "Catapult",
				"SiegeEngine3": "Catapult",
				"SiegeEngine4": "BatteringRam",
				"SiegeEngine5": "Trebuchet",
				"SiegeEngine6": "Trebuchet",
				"SiegeEngine7": "None",
				"SiegeEngine8": "None",
				"CowThrowInterval": 10000,
				"Unknown142": 0,
				"AttMaxEngineers": 16,
				"AttDiggingUnit": "Pikeman",
				"AttDiggingUnitMax": 6,
				"AttUnit2": "None",
				"AttUnit2Max": 0,
				"AttMaxAssassins": 0,
				"AttMaxLaddermen": 0,
				"AttMaxTunnelers": 3,
				"AttUnitPatrol": "None",
				"AttUnitPatrolMax": 0,
				"AttUnitPatrolGroupsCount": 0,
				"AttUnitBackup": "EuropArcher",
				"AttUnitBackupMax": 20,
				"AttUnitBackupGroupsCount": 2,
				"AttUnitEngage": "None",
				"AttUnitEngageMax": 0,
				"AttUnitSiegeDef": "Swordsman",
				"AttUnitSiegeDefMax": 4,
				"AttUnitSiegeDefGroupsCount": 2,
				"AttUnitMain1": "Swordsman",
				"AttUnitMain2": "Pikeman",
				"AttUnitMain3": "Pikeman",
				"AttUnitMain4": "None",
				"AttMaxDefault": 200,
				"AttMainGroupsCount": 3,
				"TargetChoice": "Closest"
			}
		},
		{
			"Name": "Frederick",
			"CustomName": "",
			"Personality": {

				"Unknown000": 13,
				"Unknown001": 0,
				"Unknown002": 0,
				"Unknown003": 0,
				"Unknown004": 1,
				"Unknown005": 1,
				"CriticalPopularity": 4000,
				"LowestPopularity": 5500,
				"HighestPopularity": 9000,
				"TaxesMin": 3,
				"TaxesMax": 12,
				"Unknown011": 12,
				"Farm1": "WheatFarm",
				"Farm2": "WheatFarm",
				"Farm3": "DairyFarm",
				"Farm4": "AppleFarm",
				"Farm5": "None",
				"Farm6": "None",
				"Farm7": "None",
				"Farm8": "None",
				"PopulationPerFarm": 5,
				"PopulationPerWoodcutter": 5,
				"PopulationPerQuarry": 4,
				"PopulationPerIronmine": 8,
				"PopulationPerPitchrig": 0,
				"MaxQuarries": 4,
				"MaxIronmines": 6,
				"MaxWoodcutters": 9,
				"MaxPitchrigs": 0,
				"MaxFarms": 10,
				"BuildInterval": 3,
				"ResourceRebuildDelay": 30,
				"MaxFood": 200,
				"MinimumApples": 5,
				"MinimumCheese": -1,
				"MinimumBread": 5,
				"MinimumWheat": 5,
				"MinimumHop": -1,
				"TradeAmountFood": 10,
				"TradeAmountEquipment": 3,
				"Unknown040": 22,
				"MinimumGoodsRequiredAfterTrade": 5,
				"DoubleRationsFoodThreshold": 40,
				"MaxWood": 33,
				"MaxStone": 42,
				"MaxResourceOther": 9,
				"MaxEquipment": 5,
				"MaxBeer": 0,
				"MaxResourceVariance": 5,
				"RecruitGoldThreshold": 200,
				"BlacksmithSetting": "Swords",
				"FletcherSetting": "Both",
				"PoleturnerSetting": "Pikes",
				"SellResource01": "None",
				"SellResource02": "Hop",
				"SellResource03": "None",
				"SellResource04": "Pitch",
				"SellResource05": "None",
				"SellResource06": "None",
				"SellResource07": "None",
				"SellResource08": "None",
				"SellResource09": "None",
				"SellResource10": "Spears",
				"SellResource11": "None",
				"SellResource12": "Beer",
				"SellResource13": "Maces",
				"SellResource14": "Swords",
				"SellResource15": "None",
				"DefWallPatrolRallyTime": 6,
				"DefWallPatrolGroups": 2,
				"DefSiegeEngineGoldThreshold": 200,
				"DefSiegeEngineBuildDelay": 2,
				"Unknown072": 100,
				"Unknown073": 20,
				"RecruitProbDefDefault": 20,
				"RecruitProbDefWeak": 80,
				"RecruitProbDefStrong": 10,
				"RecruitProbRaidDefault": 55,
				"RecruitProbRaidWeak": 20,
				"RecruitProbRaidStrong": 60,
				"RecruitProbAttackDefault": 25,
				"RecruitProbAttackWeak": 0,
				"RecruitProbAttackStrong": 30,
				"SortieUnitRangedMin": 45,
				"SortieUnitRanged": "EuropArcher",
				"SortieUnitMeleeMin": 10,
				"SortieUnitMelee": "Pikeman",
				"DefDiggingUnitMax": 12,
				"DefDiggingUnit": "Pikeman",
				"RecruitInterval": 1,
				"RecruitIntervalWeak": 5,
				"RecruitIntervalStrong": 1,
				"DefTotal": 120,
				"OuterPatrolGroupsCount": 2,
				"OuterPatrolGroupsMove": "True",
				"OuterPatrolRallyDelay": 10,
				"DefWalls": 100,
				"DefUnit1": "Crossbowman",
				"DefUnit2": "EuropArcher",
				"DefUnit3": "Crossbowman",
				"DefUnit4": "None",
				"DefUnit5": "None",
				"DefUnit6": "None",
				"DefUnit7": "None",
				"DefUnit8": "None",
				"RaidUnitsBase": 60,
				"RaidUnitsRandom": 20,
				"RaidUnit1": "Pikeman",
				"RaidUnit2": "None",
				"RaidUnit3": "None",
				"RaidUnit4": "None",
				"RaidUnit5": "None",
				"RaidUnit6": "None",
				"RaidUnit7": "None",
				"RaidUnit8": "None",
				"HarassingSiegeEngine1": "Catapult",
				"HarassingSiegeEngine2": "None",
				"HarassingSiegeEngine3": "None",
				"HarassingSiegeEngine4": "None",
				"HarassingSiegeEngine5": "None",
				"HarassingSiegeEngine6": "None",
				"HarassingSiegeEngine7": "None",
				"HarassingSiegeEngine8": "None",
				"HarassingSiegeEnginesMax": 4,
				"Unknown124": 6,
				"AttForceBase": 30,
				"AttForceRandom": 5,
				"AttForceSupportAllyThreshold": 10,
				"AttForceRallyPercentage": 10,
				"Unknown129": 100,
				"Unknown130": 20,
				"AttUnitPatrolRecommandDelay": 2,
				"Unknown132": 50,
				"SiegeEngine1": "Trebuchet",
				"SiegeEngine2": "Trebuchet",
				"SiegeEngine3": "Trebuchet",
				"SiegeEngine4": "Trebuchet",
				"SiegeEngine5": "Trebuchet",
				"SiegeEngine6": "Trebuchet",
				"SiegeEngine7": "Catapult",
				"SiegeEngine8": "Catapult",
				"CowThrowInterval": 10000,
				"Unknown142": 0,
				"AttMaxEngineers": 24,
				"AttDiggingUnit": "Pikeman",
				"AttDiggingUnitMax": 25,
				"AttUnit2": "None",
				"AttUnit2Max": 0,
				"AttMaxAssassins": 0,
				"AttMaxLaddermen": 0,
				"AttMaxTunnelers": 0,
				"AttUnitPatrol": "None",
				"AttUnitPatrolMax": 0,
				"AttUnitPatrolGroupsCount": 0,
				"AttUnitBackup": "EuropArcher",
				"AttUnitBackupMax": 20,
				"AttUnitBackupGroupsCount": 1,
				"AttUnitEngage": "None",
				"AttUnitEngageMax": 0,
				"AttUnitSiegeDef": "Crossbowman",
				"AttUnitSiegeDefMax": 7,
				"AttUnitSiegeDefGroupsCount": 1,
				"AttUnitMain1": "Pikeman",
				"AttUnitMain2": "Pikeman",
				"AttUnitMain3": "None",
				"AttUnitMain4": "None",
				"AttMaxDefault": 900,
				"AttMainGroupsCount": 2,
				"TargetChoice": "Closest"
			}
		},
		{
			"Name": "Phillip",
			"CustomName": "",
			"Personality": {

				"Unknown000": 13,
				"Unknown001": 0,
				"Unknown002": 0,
				"Unknown003": 0,
				"Unknown004": 1,
				"Unknown005": 1,
				"CriticalPopularity": 4000,
				"LowestPopularity": 5000,
				"HighestPopularity": 8000,
				"TaxesMin": 2,
				"TaxesMax": 10,
				"Unknown011": 10,
				"Farm1": "AppleFarm",
				"Farm2": "AppleFarm",
				"Farm3": "None",
				"Farm4": "None",
				"Farm5": "None",
				"Farm6": "None",
				"Farm7": "None",
				"Farm8": "None",
				"PopulationPerFarm": 5,
				"PopulationPerWoodcutter": 7,
				"PopulationPerQuarry": 0,
				"PopulationPerIronmine": 7,
				"PopulationPerPitchrig": 0,
				"MaxQuarries": 1,
				"MaxIronmines": 3,
				"MaxWoodcutters": 10,
				"MaxPitchrigs": 1,
				"MaxFarms": 8,
				"BuildInterval": 4,
				"ResourceRebuildDelay": 60,
				"MaxFood": 100,
				"MinimumApples": 10,
				"MinimumCheese": 10,
				"MinimumBread": 10,
				"MinimumWheat": -1,
				"MinimumHop": -1,
				"TradeAmountFood": 10,
				"TradeAmountEquipment": 2,
				"Unknown040": 12,
				"MinimumGoodsRequiredAfterTrade": 10,
				"DoubleRationsFoodThreshold": 50,
				"MaxWood": 60,
				"MaxStone": 60,
				"MaxResourceOther": 15,
				"MaxEquipment": 6,
				"MaxBeer": 10,
				"MaxResourceVariance": 4,
				"RecruitGoldThreshold": 200,
				"BlacksmithSetting": "Swords",
				"FletcherSetting": "Bows",
				"PoleturnerSetting": "Spears",
				"SellResource01": "None",
				"SellResource02": "Hop",
				"SellResource03": "None",
				"SellResource04": "Pitch",
				"SellResource05": "Wheat",
				"SellResource06": "Beer",
				"SellResource07": "Flour",
				"SellResource08": "None",
				"SellResource09": "Crossbows",
				"SellResource10": "None",
				"SellResource11": "Pikes",
				"SellResource12": "Maces",
				"SellResource13": "None",
				"SellResource14": "LeatherArmors",
				"SellResource15": "None",
				"DefWallPatrolRallyTime": 2,
				"DefWallPatrolGroups": 3,
				"DefSiegeEngineGoldThreshold": 100,
				"DefSiegeEngineBuildDelay": 4,
				"Unknown072": 200,
				"Unknown073": 20,
				"RecruitProbDefDefault": 40,
				"RecruitProbDefWeak": 70,
				"RecruitProbDefStrong": 20,
				"RecruitProbRaidDefault": 40,
				"RecruitProbRaidWeak": 20,
				"RecruitProbRaidStrong": 20,
				"RecruitProbAttackDefault": 20,
				"RecruitProbAttackWeak": 10,
				"RecruitProbAttackStrong": 60,
				"SortieUnitRangedMin": 2,
				"SortieUnitRanged": "EuropArcher",
				"SortieUnitMeleeMin": 20,
				"SortieUnitMelee": "Spearman",
				"DefDiggingUnitMax": 4,
				"DefDiggingUnit": "Spearman",
				"RecruitInterval": 4,
				"RecruitIntervalWeak": 4,
				"RecruitIntervalStrong": 4,
				"DefTotal": 30,
				"OuterPatrolGroupsCount": 4,
				"OuterPatrolGroupsMove": "True",
				"OuterPatrolRallyDelay": 2,
				"DefWalls": 20,
				"DefUnit1": "Knight",
				"DefUnit2": "EuropArcher",
				"DefUnit3": "EuropArcher",
				"DefUnit4": "EuropArcher",
				"DefUnit5": "EuropArcher",
				"DefUnit6": "EuropArcher",
				"DefUnit7": "EuropArcher",
				"DefUnit8": "EuropArcher",
				"RaidUnitsBase": 4,
				"RaidUnitsRandom": 4,
				"RaidUnit1": "Knight",
				"RaidUnit2": "None",
				"RaidUnit3": "None",
				"RaidUnit4": "None",
				"RaidUnit5": "None",
				"RaidUnit6": "None",
				"RaidUnit7": "None",
				"RaidUnit8": "None",
				"HarassingSiegeEngine1": "Catapult",
				"HarassingSiegeEngine2": "None",
				"HarassingSiegeEngine3": "None",
				"HarassingSiegeEngine4": "None",
				"HarassingSiegeEngine5": "None",
				"HarassingSiegeEngine6": "None",
				"HarassingSiegeEngine7": "None",
				"HarassingSiegeEngine8": "None",
				"HarassingSiegeEnginesMax": 1,
				"Unknown124": 4,
				"AttForceBase": 10,
				"AttForceRandom": 20,
				"AttForceSupportAllyThreshold": 40,
				"AttForceRallyPercentage": 40,
				"Unknown129": 100,
				"Unknown130": 0,
				"AttUnitPatrolRecommandDelay": 5,
				"Unknown132": 70,
				"SiegeEngine1": "None",
				"SiegeEngine2": "None",
				"SiegeEngine3": "None",
				"SiegeEngine4": "None",
				"SiegeEngine5": "None",
				"SiegeEngine6": "None",
				"SiegeEngine7": "None",
				"SiegeEngine8": "None",
				"CowThrowInterval": 10000,
				"Unknown142": 0,
				"AttMaxEngineers": 0,
				"AttDiggingUnit": "Spearman",
				"AttDiggingUnitMax": 60,
				"AttUnit2": "None",
				"AttUnit2Max": 24,
				"AttMaxAssassins": 0,
				"AttMaxLaddermen": 0,
				"AttMaxTunnelers": 0,
				"AttUnitPatrol": "None",
				"AttUnitPatrolMax": 0,
				"AttUnitPatrolGroupsCount": 0,
				"AttUnitBackup": "None",
				"AttUnitBackupMax": 0,
				"AttUnitBackupGroupsCount": 0,
				"AttUnitEngage": "None",
				"AttUnitEngageMax": 0,
				"AttUnitSiegeDef": "None",
				"AttUnitSiegeDefMax": 0,
				"AttUnitSiegeDefGroupsCount": 0,
				"AttUnitMain1": "Spearman",
				"AttUnitMain2": "Spearman",
				"AttUnitMain3": "None",
				"AttUnitMain4": "None",
				"AttMaxDefault": 200,
				"AttMainGroupsCount": 2,
				"TargetChoice": "Balanced"
			}
		},
		{
			"Name": "Wazir",
			"CustomName": "",
			"Personality": {

				"Unknown000": 10,
				"Unknown001": 0,
				"Unknown002": 0,
				"Unknown003": 0,
				"Unknown004": 1,
				"Unknown005": 1,
				"CriticalPopularity": 4500,
				"LowestPopularity": 5000,
				"HighestPopularity": 8000,
				"TaxesMin": 2,
				"TaxesMax": 11,
				"Unknown011": 10,
				"Farm1": "WheatFarm",
				"Farm2": "None",
				"Farm3": "None",
				"Farm4": "None",
				"Farm5": "None",
				"Farm6": "None",
				"Farm7": "None",
				"Farm8": "None",
				"PopulationPerFarm": 5,
				"PopulationPerWoodcutter": 7,
				"PopulationPerQuarry": 6,
				"PopulationPerIronmine": 12,
				"PopulationPerPitchrig": 6,
				"MaxQuarries": 3,
				"MaxIronmines": 1,
				"MaxWoodcutters": 10,
				"MaxPitchrigs": 4,
				"MaxFarms": 8,
				"BuildInterval": 3,
				"ResourceRebuildDelay": 50,
				"MaxFood": 100,
				"MinimumApples": -1,
				"MinimumCheese": -1,
				"MinimumBread": 10,
				"MinimumWheat": 15,
				"MinimumHop": -1,
				"TradeAmountFood": 10,
				"TradeAmountEquipment": 0,
				"Unknown040": 22,
				"MinimumGoodsRequiredAfterTrade": 30,
				"DoubleRationsFoodThreshold": 50,
				"MaxWood": 60,
				"MaxStone": 40,
				"MaxResourceOther": 10,
				"MaxEquipment": 4,
				"MaxBeer": 10,
				"MaxResourceVariance": 4,
				"RecruitGoldThreshold": 200,
				"BlacksmithSetting": "Swords",
				"FletcherSetting": "Bows",
				"PoleturnerSetting": "Spears",
				"SellResource01": "None",
				"SellResource02": "Hop",
				"SellResource03": "Iron",
				"SellResource04": "None",
				"SellResource05": "None",
				"SellResource06": "Beer",
				"SellResource07": "None",
				"SellResource08": "Bows",
				"SellResource09": "Crossbows",
				"SellResource10": "Spears",
				"SellResource11": "Pikes",
				"SellResource12": "Maces",
				"SellResource13": "Swords",
				"SellResource14": "LeatherArmors",
				"SellResource15": "IronArmors",
				"DefWallPatrolRallyTime": 2,
				"DefWallPatrolGroups": 3,
				"DefSiegeEngineGoldThreshold": 100,
				"DefSiegeEngineBuildDelay": 4,
				"Unknown072": 200,
				"Unknown073": 20,
				"RecruitProbDefDefault": 30,
				"RecruitProbDefWeak": 70,
				"RecruitProbDefStrong": 20,
				"RecruitProbRaidDefault": 20,
				"RecruitProbRaidWeak": 0,
				"RecruitProbRaidStrong": 20,
				"RecruitProbAttackDefault": 50,
				"RecruitProbAttackWeak": 30,
				"RecruitProbAttackStrong": 60,
				"SortieUnitRangedMin": 6,
				"SortieUnitRanged": "HorseArcher",
				"SortieUnitMeleeMin": 10,
				"SortieUnitMelee": "ArabSwordsman",
				"DefDiggingUnitMax": 4,
				"DefDiggingUnit": "Slave",
				"RecruitInterval": 1,
				"RecruitIntervalWeak": 1,
				"RecruitIntervalStrong": 1,
				"DefTotal": 40,
				"OuterPatrolGroupsCount": 1,
				"OuterPatrolGroupsMove": "True",
				"OuterPatrolRallyDelay": 2,
				"DefWalls": 40,
				"DefUnit1": "ArabArcher",
				"DefUnit2": "FireThrower",
				"DefUnit3": "None",
				"DefUnit4": "None",
				"DefUnit5": "None",
				"DefUnit6": "None",
				"DefUnit7": "None",
				"DefUnit8": "None",
				"RaidUnitsBase": 30,
				"RaidUnitsRandom": 10,
				"RaidUnit1": "HorseArcher",
				"RaidUnit2": "None",
				"RaidUnit3": "None",
				"RaidUnit4": "None",
				"RaidUnit5": "None",
				"RaidUnit6": "None",
				"RaidUnit7": "None",
				"RaidUnit8": "None",
				"HarassingSiegeEngine1": "FireBallista",
				"HarassingSiegeEngine2": "None",
				"HarassingSiegeEngine3": "None",
				"HarassingSiegeEngine4": "None",
				"HarassingSiegeEngine5": "None",
				"HarassingSiegeEngine6": "None",
				"HarassingSiegeEngine7": "None",
				"HarassingSiegeEngine8": "None",
				"HarassingSiegeEnginesMax": 4,
				"Unknown124": 4,
				"AttForceBase": 40,
				"AttForceRandom": 5,
				"AttForceSupportAllyThreshold": 30,
				"AttForceRallyPercentage": 80,
				"Unknown129": 100,
				"Unknown130": 4,
				"AttUnitPatrolRecommandDelay": 5,
				"Unknown132": 90,
				"SiegeEngine1": "Trebuchet",
				"SiegeEngine2": "FireBallista",
				"SiegeEngine3": "FireBallista",
				"SiegeEngine4": "FireBallista",
				"SiegeEngine5": "None",
				"SiegeEngine6": "None",
				"SiegeEngine7": "None",
				"SiegeEngine8": "None",
				"CowThrowInterval": 10000,
				"Unknown142": 0,
				"AttMaxEngineers": 9,
				"AttDiggingUnit": "Slave",
				"AttDiggingUnitMax": 15,
				"AttUnit2": "None",
				"AttUnit2Max": 0,
				"AttMaxAssassins": 0,
				"AttMaxLaddermen": 0,
				"AttMaxTunnelers": 0,
				"AttUnitPatrol": "None",
				"AttUnitPatrolMax": 0,
				"AttUnitPatrolGroupsCount": 0,
				"AttUnitBackup": "HorseArcher",
				"AttUnitBackupMax": 80,
				"AttUnitBackupGroupsCount": 1,
				"AttUnitEngage": "FireThrower",
				"AttUnitEngageMax": 10,
				"AttUnitSiegeDef": "None",
				"AttUnitSiegeDefMax": 0,
				"AttUnitSiegeDefGroupsCount": 0,
				"AttUnitMain1": "ArabSwordsman",
				"AttUnitMain2": "None",
				"AttUnitMain3": "None",
				"AttUnitMain4": "None",
				"AttMaxDefault": 200,
				"AttMainGroupsCount": 2,
				"TargetChoice": "Balanced"
			}
		},
		{
			"Name": "Emir",
			"CustomName": "",
			"Personality": {

				"Unknown000": 10,
				"Unknown001": 0,
				"Unknown002": 0,
				"Unknown003": 0,
				"Unknown004": 1,
				"Unknown005": 1,
				"CriticalPopularity": 4500,
				"LowestPopularity": 5000,
				"HighestPopularity": 9000,
				"TaxesMin": 2,
				"TaxesMax": 11,
				"Unknown011": 10,
				"Farm1": "WheatFarm",
				"Farm2": "AppleFarm",
				"Farm3": "WheatFarm",
				"Farm4": "HopFarm",
				"Farm5": "None",
				"Farm6": "None",
				"Farm7": "None",
				"Farm8": "None",
				"PopulationPerFarm": 4,
				"PopulationPerWoodcutter": 7,
				"PopulationPerQuarry": 6,
				"PopulationPerIronmine": 10,
				"PopulationPerPitchrig": 0,
				"MaxQuarries": 4,
				"MaxIronmines": 3,
				"MaxWoodcutters": 10,
				"MaxPitchrigs": 1,
				"MaxFarms": 16,
				"BuildInterval": 2,
				"ResourceRebuildDelay": 40,
				"MaxFood": 80,
				"MinimumApples": 10,
				"MinimumCheese": -1,
				"MinimumBread": -1,
				"MinimumWheat": 2,
				"MinimumHop": 2,
				"TradeAmountFood": 10,
				"TradeAmountEquipment": 2,
				"Unknown040": 12,
				"MinimumGoodsRequiredAfterTrade": 10,
				"DoubleRationsFoodThreshold": 40,
				"MaxWood": 60,
				"MaxStone": 60,
				"MaxResourceOther": 10,
				"MaxEquipment": 4,
				"MaxBeer": 10,
				"MaxResourceVariance": 4,
				"RecruitGoldThreshold": 200,
				"BlacksmithSetting": "Swords",
				"FletcherSetting": "Bows",
				"PoleturnerSetting": "Spears",
				"SellResource01": "None",
				"SellResource02": "None",
				"SellResource03": "None",
				"SellResource04": "None",
				"SellResource05": "None",
				"SellResource06": "None",
				"SellResource07": "None",
				"SellResource08": "None",
				"SellResource09": "Crossbows",
				"SellResource10": "Spears",
				"SellResource11": "Pikes",
				"SellResource12": "Maces",
				"SellResource13": "Swords",
				"SellResource14": "LeatherArmors",
				"SellResource15": "IronArmors",
				"DefWallPatrolRallyTime": 2,
				"DefWallPatrolGroups": 3,
				"DefSiegeEngineGoldThreshold": 100,
				"DefSiegeEngineBuildDelay": 4,
				"Unknown072": 200,
				"Unknown073": 20,
				"RecruitProbDefDefault": 40,
				"RecruitProbDefWeak": 80,
				"RecruitProbDefStrong": 20,
				"RecruitProbRaidDefault": 20,
				"RecruitProbRaidWeak": 10,
				"RecruitProbRaidStrong": 30,
				"RecruitProbAttackDefault": 40,
				"RecruitProbAttackWeak": 10,
				"RecruitProbAttackStrong": 50,
				"SortieUnitRangedMin": 4,
				"SortieUnitRanged": "ArabArcher",
				"SortieUnitMeleeMin": 20,
				"SortieUnitMelee": "ArabSwordsman",
				"DefDiggingUnitMax": 4,
				"DefDiggingUnit": "EuropArcher",
				"RecruitInterval": 0,
				"RecruitIntervalWeak": 1,
				"RecruitIntervalStrong": 0,
				"DefTotal": 50,
				"OuterPatrolGroupsCount": 1,
				"OuterPatrolGroupsMove": "True",
				"OuterPatrolRallyDelay": 2,
				"DefWalls": 50,
				"DefUnit1": "EuropArcher",
				"DefUnit2": "ArabArcher",
				"DefUnit3": "None",
				"DefUnit4": "None",
				"DefUnit5": "None",
				"DefUnit6": "None",
				"DefUnit7": "None",
				"DefUnit8": "None",
				"RaidUnitsBase": 30,
				"RaidUnitsRandom": 10,
				"RaidUnit1": "ArabSwordsman",
				"RaidUnit2": "None",
				"RaidUnit3": "None",
				"RaidUnit4": "None",
				"RaidUnit5": "None",
				"RaidUnit6": "None",
				"RaidUnit7": "None",
				"RaidUnit8": "None",
				"HarassingSiegeEngine1": "Catapult",
				"HarassingSiegeEngine2": "Catapult",
				"HarassingSiegeEngine3": "FireBallista",
				"HarassingSiegeEngine4": "None",
				"HarassingSiegeEngine5": "None",
				"HarassingSiegeEngine6": "None",
				"HarassingSiegeEngine7": "None",
				"HarassingSiegeEngine8": "None",
				"HarassingSiegeEnginesMax": 3,
				"Unknown124": 4,
				"AttForceBase": 30,
				"AttForceRandom": 10,
				"AttForceSupportAllyThreshold": 20,
				"AttForceRallyPercentage": 80,
				"Unknown129": 100,
				"Unknown130": 0,
				"AttUnitPatrolRecommandDelay": 5,
				"Unknown132": 80,
				"SiegeEngine1": "Catapult",
				"SiegeEngine2": "Catapult",
				"SiegeEngine3": "TowerBallista",
				"SiegeEngine4": "None",
				"SiegeEngine5": "None",
				"SiegeEngine6": "None",
				"SiegeEngine7": "None",
				"SiegeEngine8": "None",
				"CowThrowInterval": 10000,
				"Unknown142": 0,
				"AttMaxEngineers": 6,
				"AttDiggingUnit": "EuropArcher",
				"AttDiggingUnitMax": 15,
				"AttUnit2": "None",
				"AttUnit2Max": 0,
				"AttMaxAssassins": 0,
				"AttMaxLaddermen": 0,
				"AttMaxTunnelers": 0,
				"AttUnitPatrol": "None",
				"AttUnitPatrolMax": 0,
				"AttUnitPatrolGroupsCount": 0,
				"AttUnitBackup": "HorseArcher",
				"AttUnitBackupMax": 80,
				"AttUnitBackupGroupsCount": 1,
				"AttUnitEngage": "None",
				"AttUnitEngageMax": 0,
				"AttUnitSiegeDef": "None",
				"AttUnitSiegeDefMax": 0,
				"AttUnitSiegeDefGroupsCount": 0,
				"AttUnitMain1": "ArabSwordsman",
				"AttUnitMain2": "None",
				"AttUnitMain3": "None",
				"AttUnitMain4": "None",
				"AttMaxDefault": 200,
				"AttMainGroupsCount": 2,
				"TargetChoice": "Gold"
			}
		},
		{
			"Name": "Nizar",
			"CustomName": "",
			"Personality": {

				"Unknown000": 10,
				"Unknown001": 0,
				"Unknown002": 0,
				"Unknown003": 0,
				"Unknown004": 1,
				"Unknown005": 1,
				"CriticalPopularity": 4500,
				"LowestPopularity": 5000,
				"HighestPopularity": 9000,
				"TaxesMin": 2,
				"TaxesMax": 11,
				"Unknown011": 10,
				"Farm1": "WheatFarm",
				"Farm2": "WheatFarm",
				"Farm3": "WheatFarm",
				"Farm4": "HopFarm",
				"Farm5": "None",
				"Farm6": "None",
				"Farm7": "None",
				"Farm8": "None",
				"PopulationPerFarm": 3,
				"PopulationPerWoodcutter": 7,
				"PopulationPerQuarry": 20,
				"PopulationPerIronmine": 10,
				"PopulationPerPitchrig": 15,
				"MaxQuarries": 1,
				"MaxIronmines": 2,
				"MaxWoodcutters": 12,
				"MaxPitchrigs": 1,
				"MaxFarms": 16,
				"BuildInterval": 1,
				"ResourceRebuildDelay": 20,
				"MaxFood": 100,
				"MinimumApples": -1,
				"MinimumCheese": -1,
				"MinimumBread": 10,
				"MinimumWheat": 15,
				"MinimumHop": 5,
				"TradeAmountFood": 10,
				"TradeAmountEquipment": 0,
				"Unknown040": 12,
				"MinimumGoodsRequiredAfterTrade": 30,
				"DoubleRationsFoodThreshold": 30,
				"MaxWood": 50,
				"MaxStone": 40,
				"MaxResourceOther": 10,
				"MaxEquipment": 4,
				"MaxBeer": 10,
				"MaxResourceVariance": 4,
				"RecruitGoldThreshold": 200,
				"BlacksmithSetting": "Swords",
				"FletcherSetting": "Bows",
				"PoleturnerSetting": "Spears",
				"SellResource01": "None",
				"SellResource02": "None",
				"SellResource03": "Iron",
				"SellResource04": "None",
				"SellResource05": "None",
				"SellResource06": "None",
				"SellResource07": "None",
				"SellResource08": "Bows",
				"SellResource09": "Crossbows",
				"SellResource10": "Spears",
				"SellResource11": "Pikes",
				"SellResource12": "Maces",
				"SellResource13": "Swords",
				"SellResource14": "LeatherArmors",
				"SellResource15": "IronArmors",
				"DefWallPatrolRallyTime": 2,
				"DefWallPatrolGroups": 3,
				"DefSiegeEngineGoldThreshold": 100,
				"DefSiegeEngineBuildDelay": 4,
				"Unknown072": 200,
				"Unknown073": 20,
				"RecruitProbDefDefault": 50,
				"RecruitProbDefWeak": 80,
				"RecruitProbDefStrong": 20,
				"RecruitProbRaidDefault": 20,
				"RecruitProbRaidWeak": 0,
				"RecruitProbRaidStrong": 30,
				"RecruitProbAttackDefault": 30,
				"RecruitProbAttackWeak": 20,
				"RecruitProbAttackStrong": 50,
				"SortieUnitRangedMin": 5,
				"SortieUnitRanged": "ArabArcher",
				"SortieUnitMeleeMin": 15,
				"SortieUnitMelee": "ArabArcher",
				"DefDiggingUnitMax": 60,
				"DefDiggingUnit": "Slave",
				"RecruitInterval": 4,
				"RecruitIntervalWeak": 8,
				"RecruitIntervalStrong": 1,
				"DefTotal": 80,
				"OuterPatrolGroupsCount": 1,
				"OuterPatrolGroupsMove": "True",
				"OuterPatrolRallyDelay": 2,
				"DefWalls": 80,
				"DefUnit1": "ArabArcher",
				"DefUnit2": "None",
				"DefUnit3": "None",
				"DefUnit4": "None",
				"DefUnit5": "None",
				"DefUnit6": "None",
				"DefUnit7": "None",
				"DefUnit8": "None",
				"RaidUnitsBase": 5,
				"RaidUnitsRandom": 5,
				"RaidUnit1": "Assassin",
				"RaidUnit2": "None",
				"RaidUnit3": "None",
				"RaidUnit4": "None",
				"RaidUnit5": "None",
				"RaidUnit6": "None",
				"RaidUnit7": "None",
				"RaidUnit8": "None",
				"HarassingSiegeEngine1": "Catapult",
				"HarassingSiegeEngine2": "None",
				"HarassingSiegeEngine3": "None",
				"HarassingSiegeEngine4": "None",
				"HarassingSiegeEngine5": "None",
				"HarassingSiegeEngine6": "None",
				"HarassingSiegeEngine7": "None",
				"HarassingSiegeEngine8": "None",
				"HarassingSiegeEnginesMax": 0,
				"Unknown124": 4,
				"AttForceBase": 40,
				"AttForceRandom": 0,
				"AttForceSupportAllyThreshold": 10,
				"AttForceRallyPercentage": 50,
				"Unknown129": 100,
				"Unknown130": 0,
				"AttUnitPatrolRecommandDelay": 5,
				"Unknown132": 50,
				"SiegeEngine1": "Catapult",
				"SiegeEngine2": "None",
				"SiegeEngine3": "None",
				"SiegeEngine4": "None",
				"SiegeEngine5": "None",
				"SiegeEngine6": "None",
				"SiegeEngine7": "None",
				"SiegeEngine8": "None",
				"CowThrowInterval": 10000,
				"Unknown142": 0,
				"AttMaxEngineers": 0,
				"AttDiggingUnit": "Slave",
				"AttDiggingUnitMax": 20,
				"AttUnit2": "None",
				"AttUnit2Max": 0,
				"AttMaxAssassins": 40,
				"AttMaxLaddermen": 0,
				"AttMaxTunnelers": 0,
				"AttUnitPatrol": "None",
				"AttUnitPatrolMax": 0,
				"AttUnitPatrolGroupsCount": 0,
				"AttUnitBackup": "HorseArcher",
				"AttUnitBackupMax": 0,
				"AttUnitBackupGroupsCount": 0,
				"AttUnitEngage": "None",
				"AttUnitEngageMax": 0,
				"AttUnitSiegeDef": "None",
				"AttUnitSiegeDefMax": 0,
				"AttUnitSiegeDefGroupsCount": 0,
				"AttUnitMain1": "Assassin",
				"AttUnitMain2": "None",
				"AttUnitMain3": "None",
				"AttUnitMain4": "None",
				"AttMaxDefault": 200,
				"AttMainGroupsCount": 4,
				"TargetChoice": "Closest"
			}
		},
		{
			"Name": "Sheriff",
			"CustomName": "",
			"Personality": {

				"Unknown000": 13,
				"Unknown001": 0,
				"Unknown002": 0,
				"Unknown003": 0,
				"Unknown004": 1,
				"Unknown005": 1,
				"CriticalPopularity": 4000,
				"LowestPopularity": 6000,
				"HighestPopularity": 9000,
				"TaxesMin": 3,
				"TaxesMax": 11,
				"Unknown011": 10,
				"Farm1": "AppleFarm",
				"Farm2": "HopFarm",
				"Farm3": "DairyFarm",
				"Farm4": "None",
				"Farm5": "None",
				"Farm6": "None",
				"Farm7": "None",
				"Farm8": "None",
				"PopulationPerFarm": 4,
				"PopulationPerWoodcutter": 7,
				"PopulationPerQuarry": 10,
				"PopulationPerIronmine": 12,
				"PopulationPerPitchrig": 15,
				"MaxQuarries": 3,
				"MaxIronmines": 6,
				"MaxWoodcutters": 10,
				"MaxPitchrigs": 4,
				"MaxFarms": 10,
				"BuildInterval": 3,
				"ResourceRebuildDelay": 8,
				"MaxFood": 300,
				"MinimumApples": 20,
				"MinimumCheese": 20,
				"MinimumBread": -1,
				"MinimumWheat": -1,
				"MinimumHop": 2,
				"TradeAmountFood": 10,
				"TradeAmountEquipment": 2,
				"Unknown040": 40,
				"MinimumGoodsRequiredAfterTrade": 40,
				"DoubleRationsFoodThreshold": 40,
				"MaxWood": 50,
				"MaxStone": 50,
				"MaxResourceOther": 10,
				"MaxEquipment": 10,
				"MaxBeer": 10,
				"MaxResourceVariance": 5,
				"RecruitGoldThreshold": 200,
				"BlacksmithSetting": "Maces",
				"FletcherSetting": "Crossbows",
				"PoleturnerSetting": "Pikes",
				"SellResource01": "None",
				"SellResource02": "None",
				"SellResource03": "None",
				"SellResource04": "None",
				"SellResource05": "Wheat",
				"SellResource06": "None",
				"SellResource07": "Flour",
				"SellResource08": "Bows",
				"SellResource09": "None",
				"SellResource10": "Spears",
				"SellResource11": "Pikes",
				"SellResource12": "None",
				"SellResource13": "Swords",
				"SellResource14": "None",
				"SellResource15": "IronArmors",
				"DefWallPatrolRallyTime": 8,
				"DefWallPatrolGroups": 2,
				"DefSiegeEngineGoldThreshold": 200,
				"DefSiegeEngineBuildDelay": 4,
				"Unknown072": 200,
				"Unknown073": 30,
				"RecruitProbDefDefault": 50,
				"RecruitProbDefWeak": 100,
				"RecruitProbDefStrong": 30,
				"RecruitProbRaidDefault": 30,
				"RecruitProbRaidWeak": 0,
				"RecruitProbRaidStrong": 50,
				"RecruitProbAttackDefault": 20,
				"RecruitProbAttackWeak": 0,
				"RecruitProbAttackStrong": 20,
				"SortieUnitRangedMin": 10,
				"SortieUnitRanged": "Crossbowman",
				"SortieUnitMeleeMin": 10,
				"SortieUnitMelee": "Maceman",
				"DefDiggingUnitMax": 4,
				"DefDiggingUnit": "Maceman",
				"RecruitInterval": 4,
				"RecruitIntervalWeak": 1,
				"RecruitIntervalStrong": 4,
				"DefTotal": 50,
				"OuterPatrolGroupsCount": 1,
				"OuterPatrolGroupsMove": "True",
				"OuterPatrolRallyDelay": 5,
				"DefWalls": 40,
				"DefUnit1": "Crossbowman",
				"DefUnit2": "Crossbowman",
				"DefUnit3": "Crossbowman",
				"DefUnit4": "FireThrower",
				"DefUnit5": "Assassin",
				"DefUnit6": "None",
				"DefUnit7": "None",
				"DefUnit8": "None",
				"RaidUnitsBase": 10,
				"RaidUnitsRandom": 4,
				"RaidUnit1": "Maceman",
				"RaidUnit2": "None",
				"RaidUnit3": "None",
				"RaidUnit4": "None",
				"RaidUnit5": "None",
				"RaidUnit6": "None",
				"RaidUnit7": "None",
				"RaidUnit8": "None",
				"HarassingSiegeEngine1": "Catapult",
				"HarassingSiegeEngine2": "FireBallista",
				"HarassingSiegeEngine3": "None",
				"HarassingSiegeEngine4": "None",
				"HarassingSiegeEngine5": "None",
				"HarassingSiegeEngine6": "None",
				"HarassingSiegeEngine7": "None",
				"HarassingSiegeEngine8": "None",
				"HarassingSiegeEnginesMax": 5,
				"Unknown124": 4,
				"AttForceBase": 50,
				"AttForceRandom": 20,
				"AttForceSupportAllyThreshold": 50,
				"AttForceRallyPercentage": 80,
				"Unknown129": 100,
				"Unknown130": 5,
				"AttUnitPatrolRecommandDelay": 8,
				"Unknown132": 50,
				"SiegeEngine1": "Catapult",
				"SiegeEngine2": "Catapult",
				"SiegeEngine3": "FireBallista",
				"SiegeEngine4": "FireBallista",
				"SiegeEngine5": "FireBallista",
				"SiegeEngine6": "None",
				"SiegeEngine7": "None",
				"SiegeEngine8": "None",
				"CowThrowInterval": 6,
				"Unknown142": 0,
				"AttMaxEngineers": 10,
				"AttDiggingUnit": "Slave",
				"AttDiggingUnitMax": 80,
				"AttUnit2": "Maceman",
				"AttUnit2Max": 10,
				"AttMaxAssassins": 10,
				"AttMaxLaddermen": 0,
				"AttMaxTunnelers": 0,
				"AttUnitPatrol": "FireThrower",
				"AttUnitPatrolMax": 0,
				"AttUnitPatrolGroupsCount": 0,
				"AttUnitBackup": "Crossbowman",
				"AttUnitBackupMax": 50,
				"AttUnitBackupGroupsCount": 1,
				"AttUnitEngage": "None",
				"AttUnitEngageMax": 0,
				"AttUnitSiegeDef": "Maceman",
				"AttUnitSiegeDefMax": 6,
				"AttUnitSiegeDefGroupsCount": 1,
				"AttUnitMain1": "Maceman",
				"AttUnitMain2": "Maceman",
				"AttUnitMain3": "None",
				"AttUnitMain4": "None",
				"AttMaxDefault": 200,
				"AttMainGroupsCount": 3,
				"TargetChoice": "Closest"
			}
		},
		{
			"Name": "Marshal",
			"CustomName": "",
			"Personality": {

				"Unknown000": 13,
				"Unknown001": 0,
				"Unknown002": 0,
				"Unknown003": 0,
				"Unknown004": 1,
				"Unknown005": 1,
				"CriticalPopularity": 4000,
				"LowestPopularity": 5000,
				"HighestPopularity": 8000,
				"TaxesMin": 2,
				"TaxesMax": 10,
				"Unknown011": 10,
				"Farm1": "DairyFarm",
				"Farm2": "HopFarm",
				"Farm3": "DairyFarm",
				"Farm4": "DairyFarm",
				"Farm5": "None",
				"Farm6": "None",
				"Farm7": "None",
				"Farm8": "None",
				"PopulationPerFarm": 5,
				"PopulationPerWoodcutter": 7,
				"PopulationPerQuarry": 7,
				"PopulationPerIronmine": 7,
				"PopulationPerPitchrig": 0,
				"MaxQuarries": 1,
				"MaxIronmines": 3,
				"MaxWoodcutters": 8,
				"MaxPitchrigs": 1,
				"MaxFarms": 9,
				"BuildInterval": 3,
				"ResourceRebuildDelay": 40,
				"MaxFood": 100,
				"MinimumApples": 10,
				"MinimumCheese": 10,
				"MinimumBread": -1,
				"MinimumWheat": -1,
				"MinimumHop": 5,
				"TradeAmountFood": 10,
				"TradeAmountEquipment": 2,
				"Unknown040": 12,
				"MinimumGoodsRequiredAfterTrade": 0,
				"DoubleRationsFoodThreshold": 80,
				"MaxWood": 60,
				"MaxStone": 50,
				"MaxResourceOther": 12,
				"MaxEquipment": 10,
				"MaxBeer": 6,
				"MaxResourceVariance": 4,
				"RecruitGoldThreshold": 200,
				"BlacksmithSetting": "Swords",
				"FletcherSetting": "Bows",
				"PoleturnerSetting": "Spears",
				"SellResource01": "None",
				"SellResource02": "None",
				"SellResource03": "None",
				"SellResource04": "Pitch",
				"SellResource05": "Wheat",
				"SellResource06": "None",
				"SellResource07": "Flour",
				"SellResource08": "None",
				"SellResource09": "Crossbows",
				"SellResource10": "Spears",
				"SellResource11": "Pikes",
				"SellResource12": "Maces",
				"SellResource13": "None",
				"SellResource14": "LeatherArmors",
				"SellResource15": "None",
				"DefWallPatrolRallyTime": 2,
				"DefWallPatrolGroups": 3,
				"DefSiegeEngineGoldThreshold": 100,
				"DefSiegeEngineBuildDelay": 4,
				"Unknown072": 200,
				"Unknown073": 20,
				"RecruitProbDefDefault": 30,
				"RecruitProbDefWeak": 50,
				"RecruitProbDefStrong": 20,
				"RecruitProbRaidDefault": 40,
				"RecruitProbRaidWeak": 40,
				"RecruitProbRaidStrong": 30,
				"RecruitProbAttackDefault": 30,
				"RecruitProbAttackWeak": 10,
				"RecruitProbAttackStrong": 50,
				"SortieUnitRangedMin": 4,
				"SortieUnitRanged": "EuropArcher",
				"SortieUnitMeleeMin": 4,
				"SortieUnitMelee": "Knight",
				"DefDiggingUnitMax": 4,
				"DefDiggingUnit": "EuropArcher",
				"RecruitInterval": 1,
				"RecruitIntervalWeak": 1,
				"RecruitIntervalStrong": 4,
				"DefTotal": 40,
				"OuterPatrolGroupsCount": 1,
				"OuterPatrolGroupsMove": "True",
				"OuterPatrolRallyDelay": 2,
				"DefWalls": 30,
				"DefUnit1": "EuropArcher",
				"DefUnit2": "None",
				"DefUnit3": "None",
				"DefUnit4": "None",
				"DefUnit5": "None",
				"DefUnit6": "None",
				"DefUnit7": "None",
				"DefUnit8": "None",
				"RaidUnitsBase": 16,
				"RaidUnitsRandom": 4,
				"RaidUnit1": "Knight",
				"RaidUnit2": "None",
				"RaidUnit3": "None",
				"RaidUnit4": "None",
				"RaidUnit5": "None",
				"RaidUnit6": "None",
				"RaidUnit7": "None",
				"RaidUnit8": "None",
				"HarassingSiegeEngine1": "Catapult",
				"HarassingSiegeEngine2": "None",
				"HarassingSiegeEngine3": "None",
				"HarassingSiegeEngine4": "None",
				"HarassingSiegeEngine5": "None",
				"HarassingSiegeEngine6": "None",
				"HarassingSiegeEngine7": "None",
				"HarassingSiegeEngine8": "None",
				"HarassingSiegeEnginesMax": 1,
				"Unknown124": 4,
				"AttForceBase": 10,
				"AttForceRandom": 20,
				"AttForceSupportAllyThreshold": 10,
				"AttForceRallyPercentage": 50,
				"Unknown129": 100,
				"Unknown130": 0,
				"AttUnitPatrolRecommandDelay": 5,
				"Unknown132": 70,
				"SiegeEngine1": "Trebuchet",
				"SiegeEngine2": "Trebuchet",
				"SiegeEngine3": "None",
				"SiegeEngine4": "None",
				"SiegeEngine5": "None",
				"SiegeEngine6": "None",
				"SiegeEngine7": "None",
				"SiegeEngine8": "None",
				"CowThrowInterval": 10000,
				"Unknown142": 0,
				"AttMaxEngineers": 6,
				"AttDiggingUnit": "EuropArcher",
				"AttDiggingUnitMax": 20,
				"AttUnit2": "None",
				"AttUnit2Max": 0,
				"AttMaxAssassins": 0,
				"AttMaxLaddermen": 0,
				"AttMaxTunnelers": 0,
				"AttUnitPatrol": "None",
				"AttUnitPatrolMax": 0,
				"AttUnitPatrolGroupsCount": 0,
				"AttUnitBackup": "EuropArcher",
				"AttUnitBackupMax": 30,
				"AttUnitBackupGroupsCount": 3,
				"AttUnitEngage": "None",
				"AttUnitEngageMax": 0,
				"AttUnitSiegeDef": "None",
				"AttUnitSiegeDefMax": 0,
				"AttUnitSiegeDefGroupsCount": 0,
				"AttUnitMain1": "Swordsman",
				"AttUnitMain2": "None",
				"AttUnitMain3": "None",
				"AttUnitMain4": "None",
				"AttMaxDefault": 200,
				"AttMainGroupsCount": 2,
				"TargetChoice": "Balanced"
			}
		},
		{
			"Name": "Abbot",
			"CustomName": "",
			"Personality": {

				"Unknown000": 13,
				"Unknown001": 0,
				"Unknown002": 0,
				"Unknown003": 0,
				"Unknown004": 1,
				"Unknown005": 1,
				"CriticalPopularity": 4500,
				"LowestPopularity": 5000,
				"HighestPopularity": 9000,
				"TaxesMin": 2,
				"TaxesMax": 11,
				"Unknown011": 10,
				"Farm1": "HopFarm",
				"Farm2": "WheatFarm",
				"Farm3": "WheatFarm",
				"Farm4": "None",
				"Farm5": "None",
				"Farm6": "None",
				"Farm7": "None",
				"Farm8": "None",
				"PopulationPerFarm": 4,
				"PopulationPerWoodcutter": 7,
				"PopulationPerQuarry": 6,
				"PopulationPerIronmine": 10,
				"PopulationPerPitchrig": 0,
				"MaxQuarries": 4,
				"MaxIronmines": 2,
				"MaxWoodcutters": 10,
				"MaxPitchrigs": 0,
				"MaxFarms": 12,
				"BuildInterval": 2,
				"ResourceRebuildDelay": 40,
				"MaxFood": 100,
				"MinimumApples": 10,
				"MinimumCheese": -1,
				"MinimumBread": -1,
				"MinimumWheat": 2,
				"MinimumHop": 2,
				"TradeAmountFood": 5,
				"TradeAmountEquipment": 2,
				"Unknown040": 12,
				"MinimumGoodsRequiredAfterTrade": 10,
				"DoubleRationsFoodThreshold": 40,
				"MaxWood": 60,
				"MaxStone": 40,
				"MaxResourceOther": 10,
				"MaxEquipment": 4,
				"MaxBeer": 5,
				"MaxResourceVariance": 4,
				"RecruitGoldThreshold": 1000,
				"BlacksmithSetting": "Swords",
				"FletcherSetting": "Bows",
				"PoleturnerSetting": "Spears",
				"SellResource01": "None",
				"SellResource02": "None",
				"SellResource03": "Iron",
				"SellResource04": "None",
				"SellResource05": "None",
				"SellResource06": "None",
				"SellResource07": "None",
				"SellResource08": "None",
				"SellResource09": "Crossbows",
				"SellResource10": "Spears",
				"SellResource11": "Pikes",
				"SellResource12": "Maces",
				"SellResource13": "Swords",
				"SellResource14": "LeatherArmors",
				"SellResource15": "IronArmors",
				"DefWallPatrolRallyTime": 2,
				"DefWallPatrolGroups": 3,
				"DefSiegeEngineGoldThreshold": 100,
				"DefSiegeEngineBuildDelay": 4,
				"Unknown072": 200,
				"Unknown073": 20,
				"RecruitProbDefDefault": 40,
				"RecruitProbDefWeak": 80,
				"RecruitProbDefStrong": 20,
				"RecruitProbRaidDefault": 20,
				"RecruitProbRaidWeak": 10,
				"RecruitProbRaidStrong": 30,
				"RecruitProbAttackDefault": 40,
				"RecruitProbAttackWeak": 10,
				"RecruitProbAttackStrong": 50,
				"SortieUnitRangedMin": 4,
				"SortieUnitRanged": "EuropArcher",
				"SortieUnitMeleeMin": 20,
				"SortieUnitMelee": "Monk",
				"DefDiggingUnitMax": 4,
				"DefDiggingUnit": "EuropArcher",
				"RecruitInterval": 1,
				"RecruitIntervalWeak": 1,
				"RecruitIntervalStrong": 1,
				"DefTotal": 30,
				"OuterPatrolGroupsCount": 1,
				"OuterPatrolGroupsMove": "True",
				"OuterPatrolRallyDelay": 2,
				"DefWalls": 30,
				"DefUnit1": "EuropArcher",
				"DefUnit2": "None",
				"DefUnit3": "None",
				"DefUnit4": "None",
				"DefUnit5": "None",
				"DefUnit6": "None",
				"DefUnit7": "None",
				"DefUnit8": "None",
				"RaidUnitsBase": 30,
				"RaidUnitsRandom": 10,
				"RaidUnit1": "Monk",
				"RaidUnit2": "None",
				"RaidUnit3": "None",
				"RaidUnit4": "None",
				"RaidUnit5": "None",
				"RaidUnit6": "None",
				"RaidUnit7": "None",
				"RaidUnit8": "None",
				"HarassingSiegeEngine1": "Catapult",
				"HarassingSiegeEngine2": "None",
				"HarassingSiegeEngine3": "None",
				"HarassingSiegeEngine4": "None",
				"HarassingSiegeEngine5": "None",
				"HarassingSiegeEngine6": "None",
				"HarassingSiegeEngine7": "None",
				"HarassingSiegeEngine8": "None",
				"HarassingSiegeEnginesMax": 5,
				"Unknown124": 4,
				"AttForceBase": 50,
				"AttForceRandom": 10,
				"AttForceSupportAllyThreshold": 40,
				"AttForceRallyPercentage": 80,
				"Unknown129": 100,
				"Unknown130": 0,
				"AttUnitPatrolRecommandDelay": 5,
				"Unknown132": 80,
				"SiegeEngine1": "Catapult",
				"SiegeEngine2": "Catapult",
				"SiegeEngine3": "Catapult",
				"SiegeEngine4": "Catapult",
				"SiegeEngine5": "None",
				"SiegeEngine6": "None",
				"SiegeEngine7": "None",
				"SiegeEngine8": "None",
				"CowThrowInterval": 10000,
				"Unknown142": 0,
				"AttMaxEngineers": 8,
				"AttDiggingUnit": "EuropArcher",
				"AttDiggingUnitMax": 10,
				"AttUnit2": "None",
				"AttUnit2Max": 0,
				"AttMaxAssassins": 0,
				"AttMaxLaddermen": 0,
				"AttMaxTunnelers": 0,
				"AttUnitPatrol": "None",
				"AttUnitPatrolMax": 0,
				"AttUnitPatrolGroupsCount": 0,
				"AttUnitBackup": "EuropArcher",
				"AttUnitBackupMax": 40,
				"AttUnitBackupGroupsCount": 1,
				"AttUnitEngage": "None",
				"AttUnitEngageMax": 0,
				"AttUnitSiegeDef": "None",
				"AttUnitSiegeDefMax": 0,
				"AttUnitSiegeDefGroupsCount": 0,
				"AttUnitMain1": "Monk",
				"AttUnitMain2": "None",
				"AttUnitMain3": "None",
				"AttUnitMain4": "None",
				"AttMaxDefault": 200,
				"AttMainGroupsCount": 2,
				"TargetChoice": "Balanced"
			}
		}
	]
}
